{"count":1,"self":3098.2516736,"total":75278.042373,"children":{"AgentSendState":{"count":2500201,"self":128.4487296,"total":1576.165618,"children":{"CollectObservations":{"count":20001640,"self":10.11042,"total":10.11042,"children":null},"CollectDiscreteActionMasks":{"count":20001640,"self":11.739270399999999,"total":11.73927,"children":null},"AgentInfo.ToProto":{"count":10000820,"self":25.1192496,"total":1425.867193,"children":{"GenerateSensorData":{"count":10000820,"self":359.387136,"total":1400.7479429999999,"children":{"RayPerceptionSensor.Perceive":{"count":20001640,"self":1041.3607935999999,"total":1041.360804,"children":null}}}}}}},"DecideAction":{"count":2500201,"self":69301.6854528,"total":70307.289175999991,"children":{"RayPerceptionSensor.Perceive":{"count":20001640,"self":1005.6039423999999,"total":1005.603934,"children":null}}},"AgentAct":{"count":2500201,"self":162.306624,"total":162.60532899999998,"children":{"AgentInfo.ToProto":{"count":942,"self":0.00539,"total":0.298708,"children":{"GenerateSensorData":{"count":942,"self":0.047431999999999995,"total":0.29331799999999997,"children":{"RayPerceptionSensor.Perceive":{"count":1884,"self":0.245886,"total":0.245886,"children":null}}}}}}},"AgentInfo.ToProto":{"count":470239,"self":2.8720619999999997,"total":133.727799,"children":{"GenerateSensorData":{"count":470239,"self":23.149761599999998,"total":130.855737,"children":{"RayPerceptionSensor.Perceive":{"count":940478,"self":107.7059712,"total":107.705975,"children":null}}}}}},"gauges":{"SoccerTwos.CumulativeReward":{"count":471181,"max":1.98866665,"min":-2,"runningAverage":-0.0582844131,"value":1.98266673,"weightedAverage":1.29483509},"SoccerAcademy.CumulativeReward":{"count":471181,"max":1.98866665,"min":-2,"runningAverage":0.0249087438,"value":-2,"weightedAverage":-1.32696414}},"metadata":{"timer_format_version":"0.1.0","start_time_seconds":"1592803836","unity_version":"2019.4.1f1","command_line_arguments":"\/Users\/rsaenz\/Documents\/Projects\/master-thesis\/SoccerExperiments\/builds\/SoccerAcademyV4_20Fields_SmartRed.app\/Contents\/MacOS\/Soccer Academy -nographics -batchmode --mlagents-port 5005","communication_protocol_version":"1.0.0","com.unity.ml-agents_version":"1.0.2-preview","scene_name":"SoccerAcademy","end_time_seconds":"1592879113"}}