{"count":1,"self":13563.6508672,"total":63056.420474,"children":{"AgentSendState":{"count":29654152,"self":184.5968512,"total":1744.18132,"children":{"CollectObservations":{"count":11861708,"self":5.717598,"total":5.717598,"children":null},"CollectDiscreteActionMasks":{"count":11861708,"self":6.5210399999999993,"total":6.5210399999999993,"children":null},"AgentInfo.ToProto":{"count":11861708,"self":37.6632896,"total":1547.345836,"children":{"GenerateSensorData":{"count":11861708,"self":375.0953472,"total":1509.682546,"children":{"RayPerceptionSensor.Perceive":{"count":23723416,"self":1134.5871872,"total":1134.5871889999999,"children":null}}}}}}},"DecideAction":{"count":29654152,"self":47447.146496,"total":47447.14754,"children":null},"AgentAct":{"count":29654152,"self":204.2574976,"total":205.03412799999998,"children":{"AgentInfo.ToProto":{"count":3498,"self":0.014447999999999999,"total":0.776633,"children":{"GenerateSensorData":{"count":3498,"self":0.12767,"total":0.762185,"children":{"RayPerceptionSensor.Perceive":{"count":6996,"self":0.63451499999999994,"total":0.63451499999999994,"children":null}}}}}}},"AgentInfo.ToProto":{"count":615321,"self":3.439714,"total":96.40477,"children":{"GenerateSensorData":{"count":615321,"self":22.196431999999998,"total":92.96505599999999,"children":{"RayPerceptionSensor.Perceive":{"count":1230642,"self":70.7686272,"total":70.768624,"children":null}}}}}},"gauges":{"SoccerAcademy.CumulativeReward":{"count":618819,"max":1.98533332,"min":-1,"runningAverage":0.9647651,"value":0.978333354,"weightedAverage":0.9783335}},"metadata":{"timer_format_version":"0.1.0","start_time_seconds":"1591824844","unity_version":"2019.3.3f1","command_line_arguments":"\/Users\/rsaenz\/Documents\/Projects\/master-thesis\/SoccerExperiments\/SoccerAcademy_2Fields_1Agent.app\/Contents\/MacOS\/Soccer Academy -nographics -batchmode --mlagents-port 5005","communication_protocol_version":"1.0.0","com.unity.ml-agents_version":"1.0.2-preview","scene_name":"SoccerAcademy","end_time_seconds":"1591887900"}}