{"count":1,"self":3060.8472064,"total":19273.895159,"children":{"AgentSendState":{"count":5002751,"self":105.5313856,"total":1198.761255,"children":{"CollectObservations":{"count":20011100,"self":7.8634032,"total":7.863403,"children":null},"CollectDiscreteActionMasks":{"count":20011100,"self":10.2341912,"total":10.234191,"children":null},"AgentInfo.ToProto":{"count":10005550,"self":18.9631424,"total":1075.132276,"children":{"GenerateSensorData":{"count":10005550,"self":221.51016959999998,"total":1056.1691329999999,"children":{"RayPerceptionSensor.Perceive":{"count":20011100,"self":834.6589696,"total":834.658962,"children":null}}}}}}},"DecideAction":{"count":5002751,"self":14075.368243199999,"total":14790.366581,"children":{"RayPerceptionSensor.Perceive":{"count":20011100,"self":714.998528,"total":714.99854299999993,"children":null}}},"AgentAct":{"count":5002751,"self":141.183232,"total":141.50887799999998,"children":{"AgentInfo.ToProto":{"count":1537,"self":0.0063799999999999994,"total":0.32565099999999997,"children":{"GenerateSensorData":{"count":1537,"self":0.046780999999999996,"total":0.31927099999999997,"children":{"RayPerceptionSensor.Perceive":{"count":3074,"self":0.27249,"total":0.27249,"children":null}}}}}}},"AgentInfo.ToProto":{"count":398825,"self":1.951967,"total":82.40847,"children":{"GenerateSensorData":{"count":398825,"self":12.4147632,"total":80.456503,"children":{"RayPerceptionSensor.Perceive":{"count":797650,"self":68.0417408,"total":68.04173999999999,"children":null}}}}}},"gauges":{"SoccerTwos.CumulativeReward":{"count":400362,"max":1.98466659,"min":-3,"runningAverage":-0.842704,"value":-1,"weightedAverage":-0.9731009},"SoccerAcademy.CumulativeReward":{"count":400362,"max":11.35268,"min":-2,"runningAverage":0.827085555,"value":0.9773333,"weightedAverage":0.951159954}},"metadata":{"timer_format_version":"0.1.0","start_time_seconds":"1593047453","unity_version":"2019.4.1f1","command_line_arguments":"\/Users\/rsaenzi\/Documents\/Projects\/master-thesis\/SoccerExperiments\/builds\/SoccerAcademyV7_10Fields_CL_AB.app\/Contents\/MacOS\/Soccer Academy -nographics -batchmode --mlagents-port 5005","communication_protocol_version":"1.0.0","com.unity.ml-agents_version":"1.0.2-preview","scene_name":"SoccerAcademy","end_time_seconds":"1593066726"}}