{"count":1,"self":6.5424767999999993,"total":58.975597,"children":{"AgentSendState":{"count":9217,"self":0.497471,"total":10.976056,"children":{"CollectObservations":{"count":92200,"self":0.033299999999999996,"total":0.033299999999999996,"children":null},"CollectDiscreteActionMasks":{"count":92200,"self":0.03957,"total":0.03957,"children":null},"AgentInfo.ToProto":{"count":92200,"self":0.149675,"total":10.405714999999999,"children":{"GenerateSensorData":{"count":92200,"self":3.1382109999999996,"total":10.256039999999999,"children":{"RayPerceptionSensor.Perceive":{"count":184400,"self":7.1178288,"total":7.1178289999999995,"children":null}}}}}}},"DecideAction":{"count":9217,"self":40.8595616,"total":40.859562,"children":null},"AgentAct":{"count":9217,"self":0.570487,"total":0.59225699999999992,"children":{"AgentInfo.ToProto":{"count":136,"self":0.00030399999999999996,"total":0.021769999999999998,"children":{"GenerateSensorData":{"count":136,"self":0.004604,"total":0.021466,"children":{"RayPerceptionSensor.Perceive":{"count":272,"self":0.016862,"total":0.016862,"children":null}}}}}}},"AgentInfo.ToProto":{"count":16,"self":7.2E-05,"total":0.0025659999999999997,"children":{"GenerateSensorData":{"count":16,"self":0.000454,"total":0.0024939999999999997,"children":{"RayPerceptionSensor.Perceive":{"count":32,"self":0.0020399999999999997,"total":0.0020399999999999997,"children":null}}}}}},"gauges":{"SoccerTwos.CumulativeReward":{"count":152,"max":0.9216669,"min":-1,"runningAverage":-0.02945573,"value":0,"weightedAverage":-3.256736E-12}},"metadata":{"timer_format_version":"0.1.0","start_time_seconds":"1591573103","unity_version":"2019.3.3f1","command_line_arguments":"\/Users\/rsaenz\/Documents\/Projects\/master-thesis\/SoccerExperiments\/SoccerAcademy.app\/Contents\/MacOS\/Soccer Academy -nographics -batchmode --mlagents-port 5005","communication_protocol_version":"1.0.0","com.unity.ml-agents_version":"1.0.2-preview","scene_name":"SoccerTwos","end_time_seconds":"1591573162"}}