{"count":1,"self":961.2297216,"total":10264.161731,"children":{"AgentSendState":{"count":1065084,"self":66.9462016,"total":1363.087251,"children":{"CollectObservations":{"count":10652650,"self":4.4036599999999995,"total":4.4036599999999995,"children":null},"CollectDiscreteActionMasks":{"count":10652650,"self":5.1904368,"total":5.190437,"children":null},"AgentInfo.ToProto":{"count":10652650,"self":19.927830399999998,"total":1286.546955,"children":{"GenerateSensorData":{"count":10652650,"self":310.94878719999997,"total":1266.619125,"children":{"RayPerceptionSensor.Perceive":{"count":21305300,"self":955.6703232,"total":955.67032999999992,"children":null}}}}}}},"DecideAction":{"count":1065084,"self":7833.9080191999992,"total":7833.9077039999993,"children":null},"AgentAct":{"count":1065084,"self":73.5489728,"total":73.951717,"children":{"AgentInfo.ToProto":{"count":1956,"self":0.006206,"total":0.40274499999999996,"children":{"GenerateSensorData":{"count":1956,"self":0.104825,"total":0.396539,"children":{"RayPerceptionSensor.Perceive":{"count":3912,"self":0.291714,"total":0.291714,"children":null}}}}}}},"AgentInfo.ToProto":{"count":175368,"self":0.873064,"total":31.981973999999997,"children":{"GenerateSensorData":{"count":175368,"self":7.8005527999999993,"total":31.108909999999998,"children":{"RayPerceptionSensor.Perceive":{"count":350736,"self":23.3083568,"total":23.308356999999997,"children":null}}}}}},"gauges":{"SoccerTwos.CumulativeReward":{"count":177324,"max":1.98133326,"min":-2,"runningAverage":-0.0437289625,"value":-1,"weightedAverage":-0.07428507}},"metadata":{"timer_format_version":"0.1.0","start_time_seconds":"1590977401","unity_version":"2019.3.3f1","command_line_arguments":"\/Users\/rsaenz\/Documents\/Projects\/master-thesis\/SoccerExperiments\/SoccerAcademy.app\/Contents\/MacOS\/Soccer Academy -nographics -batchmode --mlagents-port 5005","communication_protocol_version":"1.0.0","com.unity.ml-agents_version":"1.0.2-preview","scene_name":"SoccerTwos","end_time_seconds":"1590987664"}}