{
    "name": "root",
    "gauges": {
        "first3DBallRun_3DBall.Policy.Entropy.mean": {
            "value": 1.2870489358901978,
            "min": 1.2870489358901978,
            "max": 1.4189382791519165,
            "count": 14
        },
        "first3DBallRun_3DBall.Environment.EpisodeLength.mean": {
            "value": 999.0,
            "min": 22.204633204633204,
            "max": 999.0,
            "count": 14
        },
        "first3DBallRun_3DBall.Policy.ExtrinsicValueEstimate.mean": {
            "value": 4.7109551429748535,
            "min": -0.20296983420848846,
            "max": 4.7109551429748535,
            "count": 14
        },
        "first3DBallRun_3DBall.Environment.CumulativeReward.mean": {
            "value": 100.00001525878906,
            "min": 1.2208897188968768,
            "max": 100.00001525878906,
            "count": 14
        },
        "first3DBallRun_3DBall.Policy.ExtrinsicReward.mean": {
            "value": 100.00001525878906,
            "min": 1.2208897188968768,
            "max": 100.00001525878906,
            "count": 14
        },
        "first3DBallRun_3DBall.IsTraining.mean": {
            "value": 1.0,
            "min": 1.0,
            "max": 1.0,
            "count": 14
        },
        "first3DBallRun_3DBall.Losses.ValueLoss.mean": {
            "value": 6.8594889640808105,
            "min": 0.3690037131309509,
            "max": 11.728618621826172,
            "count": 13
        },
        "first3DBallRun_3DBall.Losses.PolicyLoss.mean": {
            "value": 0.09867767989635468,
            "min": 0.09512137621641159,
            "max": 0.1029786467552185,
            "count": 13
        },
        "first3DBallRun_3DBall.Policy.LearningRate.mean": {
            "value": 0.00020472668984439224,
            "min": 0.00020472668984439224,
            "max": 0.00029278802685439587,
            "count": 13
        }
    },
    "metadata": {
        "timer_format_version": "0.1.0",
        "start_time_seconds": "1590956029",
        "python_version": "3.7.3 (default, Apr 24 2020, 18:51:23) \n[Clang 11.0.3 (clang-1103.0.32.62)]",
        "command_line_arguments": "/Users/rsaenz/Library/Python/3.7/bin/mlagents-learn config/trainer_config.yaml --run-id=first3DBallRun --force",
        "mlagents_version": "0.16.1",
        "mlagents_envs_version": "0.16.1",
        "communication_protocol_version": "1.0.0",
        "tensorflow_version": "2.2.0",
        "end_time_seconds": "1590956214"
    },
    "total": 185.31668922999998,
    "count": 1,
    "self": 0.0016334769999843957,
    "children": {
        "run_training.setup": {
            "total": 0.030611105999999833,
            "count": 1,
            "self": 0.030611105999999833
        },
        "TrainerController.start_learning": {
            "total": 185.284444647,
            "count": 1,
            "self": 8.948639371999235,
            "children": {
                "TrainerController._reset_env": {
                    "total": 17.382902262,
                    "count": 1,
                    "self": 17.382902262
                },
                "TrainerController.advance": {
                    "total": 158.71233076900074,
                    "count": 16475,
                    "self": 0.19839463900046894,
                    "children": {
                        "env_step": {
                            "total": 158.51393613000027,
                            "count": 16475,
                            "self": 145.0150156859993,
                            "children": {
                                "SubprocessEnvManager._take_step": {
                                    "total": 13.26536314499991,
                                    "count": 16475,
                                    "self": 0.6130332409985684,
                                    "children": {
                                        "NNPolicy.evaluate": {
                                            "total": 12.652329904001341,
                                            "count": 14658,
                                            "self": 12.652329904001341
                                        }
                                    }
                                },
                                "workers": {
                                    "total": 0.23355729900108102,
                                    "count": 16474,
                                    "self": 0.0,
                                    "children": {
                                        "worker_root": {
                                            "total": 184.32475856999974,
                                            "count": 16474,
                                            "is_parallel": true,
                                            "self": 75.35325743599948,
                                            "children": {
                                                "run_training.setup": {
                                                    "total": 0.0,
                                                    "count": 0,
                                                    "is_parallel": true,
                                                    "self": 0.0,
                                                    "children": {
                                                        "steps_from_proto": {
                                                            "total": 0.0024323590000001616,
                                                            "count": 1,
                                                            "is_parallel": true,
                                                            "self": 0.0002968929999980219,
                                                            "children": {
                                                                "_process_vector_observation": {
                                                                    "total": 0.0021354660000021397,
                                                                    "count": 2,
                                                                    "is_parallel": true,
                                                                    "self": 0.0021354660000021397
                                                                }
                                                            }
                                                        },
                                                        "UnityEnvironment.step": {
                                                            "total": 0.01715887299999963,
                                                            "count": 1,
                                                            "is_parallel": true,
                                                            "self": 0.00014952500000475766,
                                                            "children": {
                                                                "UnityEnvironment._generate_step_input": {
                                                                    "total": 0.00021822499999757383,
                                                                    "count": 1,
                                                                    "is_parallel": true,
                                                                    "self": 0.00021822499999757383
                                                                },
                                                                "communicator.exchange": {
                                                                    "total": 0.0164124809999997,
                                                                    "count": 1,
                                                                    "is_parallel": true,
                                                                    "self": 0.0164124809999997
                                                                },