{
    "name": "root",
    "gauges": {
        "match_no_curriculum_0_SoccerAcademy.Policy.Entropy.mean": {
            "value": 3.0256659984588623,
            "min": 3.0256659984588623,
            "max": 3.2957773208618164,
            "count": 200
        },
        "match_no_curriculum_0_SoccerAcademy.Environment.EpisodeLength.mean": {
            "value": 128.94285714285715,
            "min": 78.01350277998411,
            "max": 599.0,
            "count": 200
        },
        "match_no_curriculum_0_SoccerAcademy.Self-play.ELO.mean": {
            "value": 1327.1648873635531,
            "min": 1195.3911345936754,
            "max": 1345.5743709445326,
            "count": 200
        },
        "match_no_curriculum_0_SoccerAcademy.Policy.ExtrinsicValueEstimate.mean": {
            "value": -0.0029577489476650953,
            "min": -0.05409931391477585,
            "max": 0.0937332957983017,
            "count": 200
        },
        "match_no_curriculum_0_SoccerAcademy.Environment.CumulativeReward.mean": {
            "value": -0.0939452560577343,
            "min": -0.1437396569401806,
            "max": 0.08983441225335567,
            "count": 200
        },
        "match_no_curriculum_0_SoccerAcademy.Policy.ExtrinsicReward.mean": {
            "value": -0.0939452560577343,
            "min": -0.1437396569401806,
            "max": 0.08983441225335567,
            "count": 200
        },
        "match_no_curriculum_0_SoccerAcademy.Losses.ValueLoss.mean": {
            "value": 0.02940864861011505,
            "min": 6.657157791778445e-05,
            "max": 0.07545959949493408,
            "count": 200
        },
        "match_no_curriculum_0_SoccerAcademy.Losses.PolicyLoss.mean": {
            "value": 0.010774096474051476,
            "min": 0.008727310225367546,
            "max": 0.01539585180580616,
            "count": 200
        },
        "match_no_curriculum_0_SoccerAcademy.Policy.LearningRate.mean": {
            "value": 2.5440659356945616e-08,
            "min": 2.5440659356945616e-08,
            "max": 9.964081073121633e-06,
            "count": 200
        },
        "match_no_curriculum_0_SoccerAcademy.IsTraining.mean": {
            "value": 1.0,
            "min": 1.0,
            "max": 1.0,
            "count": 200
        }
    },
    "metadata": {
        "timer_format_version": "0.1.0",
        "start_time_seconds": "1591755494",
        "python_version": "3.6.9 (default, Apr 18 2020, 01:56:04) \n[GCC 8.4.0]",
        "command_line_arguments": "/usr/local/bin/mlagents-learn /content/master-thesis/SoccerExperiments/TrainingConfig.yaml --env=/content/soccer-academy-build/SoccerAcademy.x86_64 --run-id=match_no_curriculum_0 --num-envs 5 --no-graphics --force --debug",
        "mlagents_version": "0.16.1",
        "mlagents_envs_version": "0.16.1",
        "communication_protocol_version": "1.0.0",
        "tensorflow_version": "2.2.0",
        "end_time_seconds": "1591782509"
    },
    "total": 27015.298860739997,
    "count": 1,
    "self": 2.278140025999164,
    "children": {
        "run_training.setup": {
            "total": 0.06651181400002315,
            "count": 1,
            "self": 0.06651181400002315
        },
        "TrainerController.start_learning": {
            "total": 27012.9542089,
            "count": 1,
            "self": 9661.27437303486,
            "children": {
                "TrainerController._reset_env": {
                    "total": 90.4448345489933,
                    "count": 54,
                    "self": 90.4448345489933
                },
                "TrainerController.advance": {
                    "total": 17257.81128596814,
                    "count": 171199,
                    "self": 6.743461319587368,
                    "children": {
                        "env_step": {
                            "total": 17251.06782464855,
                            "count": 171199,
                            "self": 12899.749630847127,
                            "children": {
                                "SubprocessEnvManager._take_step": {
                                    "total": 4344.616073745244,
                                    "count": 321020,
                                    "self": 91.21888998671602,
                                    "children": {
                                        "NNPolicy.evaluate": {
                                            "total": 4253.397183758528,
                                            "count": 574568,
                                            "self": 4253.397183758528
                                        }
                                    }
                                },
                                "workers": {
                                    "total": 6.7021200561804335,
                                    "count": 171199,
                                    "self": 0.0,
                                    "children": {
                                        "worker_root": {
                                            "total": 134733.12879699236,
                                            "count": 320862,
                                            "is_parallel": true,
                                            "self": 61615.10005214905,
                                            "children": {
                                                "run_training.setup": {
                                                    "total": 0.0,
                                                    "count": 0,
                                                    "is_parallel": true,
                                                    "self": 0.0,
                                                    "children": {
                                                        "steps_from_proto": {
                                                            "total": 0.2642997790003392,
                                                            "count": 10,
                                                            "is_parallel": true,
                                                            "self": 0.011969024000336503,
                                                            "children": {
                                                                "_process_vector_observation": {
                                                                    "total": 0.2523307550000027,
                                                                    "count": 40,
                                                                    "is_parallel": true,
                                                                    "self": 0.2523307550000027
                                                                }
                                                            }
                                                        },
                                                        "UnityEnvironment.step": {
                                                            "total": 2.6101665159999357,
                                                            "count": 5,
                                                            "is_parallel": true,
                                                            "self": 0.031080896999924335,
                                                            "children": {
                                                                "UnityEnvironment._generate_step_input": {
                                                                    "total": 0.008643833999826711,
                                                                    "count": 5,
                                                                    "is_parallel": true,
                                                                    "self": 0.008643833999826711
                                                                },