{
    "name": "root",
    "gauges": {
        "match_no_curriculum_2_SoccerAcademy.Policy.Entropy.mean": {
            "value": 0.30757197737693787,
            "min": 0.28847700357437134,
            "max": 3.264106512069702,
            "count": 118
        },
        "match_no_curriculum_2_SoccerAcademy.Policy.ExtrinsicValueEstimate.mean": {
            "value": 0.5896616578102112,
            "min": -0.08343900740146637,
            "max": 0.6963703632354736,
            "count": 118
        },
        "match_no_curriculum_2_SoccerAcademy.Environment.EpisodeLength.mean": {
            "value": 12.125607035043968,
            "min": 11.996360800623863,
            "max": 593.5266272189349,
            "count": 118
        },
        "match_no_curriculum_2_SoccerAcademy.Self-play.ELO.mean": {
            "value": 1359.3721796879292,
            "min": 146.44604847379898,
            "max": 1359.3721796879292,
            "count": 118
        },
        "match_no_curriculum_2_SoccerAcademy.Environment.CumulativeReward.mean": {
            "value": 0.9781240087776519,
            "min": -0.0074469271422810636,
            "max": 0.9783394185790837,
            "count": 118
        },
        "match_no_curriculum_2_SoccerAcademy.Policy.ExtrinsicReward.mean": {
            "value": 0.9781240087776519,
            "min": -0.0074469271422810636,
            "max": 0.9783394185790837,
            "count": 118
        },
        "match_no_curriculum_2_SoccerAcademy.Losses.ValueLoss.mean": {
            "value": 0.013857933692634106,
            "min": 0.00017061734979506582,
            "max": 0.10805317759513855,
            "count": 118
        },
        "match_no_curriculum_2_SoccerAcademy.Losses.PolicyLoss.mean": {
            "value": 1.1617580652236938,
            "min": 0.04564056918025017,
            "max": 1.1847959756851196,
            "count": 118
        },
        "match_no_curriculum_2_SoccerAcademy.Policy.LearningRate.mean": {
            "value": 4.123315738979727e-05,
            "min": 4.123315738979727e-05,
            "max": 9.974578279070556e-05,
            "count": 118
        },
        "match_no_curriculum_2_SoccerAcademy.IsTraining.mean": {
            "value": 1.0,
            "min": 1.0,
            "max": 1.0,
            "count": 118
        }
    },
    "metadata": {
        "timer_format_version": "0.1.0",
        "start_time_seconds": "1591824841",
        "python_version": "3.7.3 (default, Apr 24 2020, 18:51:23) \n[Clang 11.0.3 (clang-1103.0.32.62)]",
        "command_line_arguments": "/Users/rsaenz/Library/Python/3.7/bin/mlagents-learn TrainingConfig.yaml --env SoccerAcademy_2Fields_1Agent --run-id match_no_curriculum_2 --save-freq 100000 --num-envs 1 --no-graphics",
        "mlagents_version": "0.16.1",
        "mlagents_envs_version": "0.16.1",
        "communication_protocol_version": "1.0.0",
        "tensorflow_version": "2.2.0",
        "end_time_seconds": "1591887901"
    },
    "total": 63058.787640970004,
    "count": 1,
    "self": 0.0009012119990075007,
    "children": {
        "run_training.setup": {
            "total": 0.011753035000000356,
            "count": 1,
            "self": 0.011753035000000356
        },
        "TrainerController.start_learning": {
            "total": 63058.774986723,
            "count": 1,
            "self": 5734.618500442739,
            "children": {
                "TrainerController._reset_env": {
                    "total": 2.9350646049931566,
                    "count": 32,
                    "self": 2.9350646049931566
                },
                "TrainerController.advance": {
                    "total": 57292.99384290025,
                    "count": 6512814,
                    "self": 98.26889565499732,
                    "children": {
                        "env_step": {
                            "total": 57194.72494724525,
                            "count": 6512814,
                            "self": 46289.49390237237,
                            "children": {
                                "SubprocessEnvManager._take_step": {
                                    "total": 10808.638001313066,
                                    "count": 6512814,
                                    "self": 345.3455983844051,
                                    "children": {
                                        "NNPolicy.evaluate": {
                                            "total": 10463.29240292866,
                                            "count": 5930824,
                                            "self": 10463.29240292866
                                        }
                                    }
                                },
                                "workers": {
                                    "total": 96.5930435598188,
                                    "count": 6512813,
                                    "self": 0.0,
                                    "children": {
                                        "worker_root": {
                                            "total": 62805.002083743864,
                                            "count": 6512813,
                                            "is_parallel": true,
                                            "self": 34064.36243606903,
                                            "children": {
                                                "run_training.setup": {
                                                    "total": 0.0,
                                                    "count": 0,
                                                    "is_parallel": true,
                                                    "self": 0.0,
                                                    "children": {
                                                        "steps_from_proto": {
                                                            "total": 0.001602626999999579,
                                                            "count": 1,
                                                            "is_parallel": true,
                                                            "self": 0.0006926670000009238,
                                                            "children": {
                                                                "_process_vector_observation": {
                                                                    "total": 0.0009099599999986552,
                                                                    "count": 4,
                                                                    "is_parallel": true,
                                                                    "self": 0.0009099599999986552
                                                                }
                                                            }
                                                        },
                                                        "UnityEnvironment.step": {
                                                            "total": 0.02131477100000012,
                                                            "count": 1,
                                                            "is_parallel": true,
                                                            "self": 0.00015910699999999167,
                                                            "children": {
                                                                "UnityEnvironment._generate_step_input": {
                                                                    "total": 0.00015027500000108773,
                                                                    "count": 1,
                                                                    "is_parallel": true,
                                                                    "self": 0.00015027500000108773
                                                                },