{
    "name": "root",
    "gauges": {
        "match0_10Fields_2Agents_SoccerAcademy.Policy.Entropy.mean": {
            "value": 3.1695640087127686,
            "min": 3.1032979488372803,
            "max": 3.29229736328125,
            "count": 50
        },
        "match0_10Fields_2Agents_SoccerAcademy.Environment.EpisodeLength.mean": {
            "value": 572.9375,
            "min": 543.6740331491712,
            "max": 598.9756097560976,
            "count": 50
        },
        "match0_10Fields_2Agents_SoccerAcademy.Self-play.ELO.mean": {
            "value": 1207.3235429774065,
            "min": 1196.3303837008464,
            "max": 1207.4918148726156,
            "count": 50
        },
        "match0_10Fields_2Agents_SoccerAcademy.Policy.ExtrinsicValueEstimate.mean": {
            "value": -0.005461909808218479,
            "min": -0.016001511365175247,
            "max": 0.12175757437944412,
            "count": 50
        },
        "match0_10Fields_2Agents_SoccerAcademy.Environment.CumulativeReward.mean": {
            "value": -0.05595016208561984,
            "min": -0.061720454968468993,
            "max": 0.017284425483508545,
            "count": 50
        },
        "match0_10Fields_2Agents_SoccerAcademy.Policy.ExtrinsicReward.mean": {
            "value": -0.05595016208561984,
            "min": -0.061720454968468993,
            "max": 0.017284425483508545,
            "count": 50
        },
        "match0_10Fields_2Agents_SoccerAcademy.Losses.ValueLoss.mean": {
            "value": 0.0010873734718188643,
            "min": 9.169884833681863e-06,
            "max": 0.002331256400793791,
            "count": 50
        },
        "match0_10Fields_2Agents_SoccerAcademy.Losses.PolicyLoss.mean": {
            "value": 0.07477150112390518,
            "min": 0.04158294200897217,
            "max": 0.08736226707696915,
            "count": 50
        },
        "match0_10Fields_2Agents_SoccerAcademy.Policy.LearningRate.mean": {
            "value": 1.0502835721126758e-06,
            "min": 1.0502835721126758e-06,
            "max": 9.893960668705404e-05,
            "count": 50
        },
        "match0_10Fields_2Agents_SoccerAcademy.IsTraining.mean": {
            "value": 1.0,
            "min": 1.0,
            "max": 1.0,
            "count": 50
        }
    },
    "metadata": {
        "timer_format_version": "0.1.0",
        "start_time_seconds": "1591967510",
        "python_version": "3.6.9 (default, Apr 18 2020, 01:56:04) \n[GCC 8.4.0]",
        "command_line_arguments": "/usr/local/bin/mlagents-learn TrainingConfig.yaml --env=/content/soccer-academy-build/SoccerAcademy.x86_64 --run-id=match0_10Fields_2Agents --num-envs 1 --no-graphics --force --debug",
        "mlagents_version": "0.16.1",
        "mlagents_envs_version": "0.16.1",
        "communication_protocol_version": "1.0.0",
        "tensorflow_version": "2.2.0",
        "end_time_seconds": "1591989590"
    },
    "total": 22080.125025324,
    "count": 1,
    "self": 0.38439886400010437,
    "children": {
        "run_training.setup": {
            "total": 0.01579192899998816,
            "count": 1,
            "self": 0.01579192899998816
        },
        "TrainerController.start_learning": {
            "total": 22079.724834531,
            "count": 1,
            "self": 608.3379780364448,
            "children": {
                "TrainerController._reset_env": {
                    "total": 1.7710410420049811,
                    "count": 14,
                    "self": 1.7710410420049811
                },
                "TrainerController.advance": {
                    "total": 21460.172712956548,
                    "count": 507830,
                    "self": 16.892304947585217,
                    "children": {
                        "env_step": {
                            "total": 21443.280408008963,
                            "count": 507830,
                            "self": 12498.872791195892,
                            "children": {
                                "SubprocessEnvManager._take_step": {
                                    "total": 8927.003571159841,
                                    "count": 507830,
                                    "self": 95.57940484588835,
                                    "children": {
                                        "NNPolicy.evaluate": {
                                            "total": 8831.424166313953,
                                            "count": 1005690,
                                            "self": 8831.424166313953
                                        }
                                    }
                                },
                                "workers": {
                                    "total": 17.40404565322956,
                                    "count": 507830,
                                    "self": 0.0,
                                    "children": {
                                        "worker_root": {
                                            "total": 22000.953956875033,
                                            "count": 507830,
                                            "is_parallel": true,
                                            "self": 12191.072907532327,
                                            "children": {
                                                "run_training.setup": {
                                                    "total": 0.0,
                                                    "count": 0,
                                                    "is_parallel": true,
                                                    "self": 0.0,
                                                    "children": {
                                                        "steps_from_proto": {
                                                            "total": 0.015471698999931505,
                                                            "count": 2,
                                                            "is_parallel": true,
                                                            "self": 0.013330384000028062,
                                                            "children": {
                                                                "_process_vector_observation": {
                                                                    "total": 0.002141314999903443,
                                                                    "count": 8,
                                                                    "is_parallel": true,
                                                                    "self": 0.002141314999903443
                                                                }
                                                            }
                                                        },
                                                        "UnityEnvironment.step": {
                                                            "total": 0.07136644600007003,
                                                            "count": 1,
                                                            "is_parallel": true,
                                                            "self": 0.0007211829998823305,
                                                            "children": {
                                                                "UnityEnvironment._generate_step_input": {
                                                                    "total": 0.0004946480000853626,
                                                                    "count": 1,
                                                                    "is_parallel": true,
                                                                    "self": 0.0004946480000853626
                                                                },