{
    "name": "root",
    "gauges": {
        "match_ppo_cl_a_SoccerAcademy.Policy.Entropy.mean": {
            "value": 0.4196923077106476,
            "min": 0.33435937762260437,
            "max": 3.281672954559326,
            "count": 100
        },
        "match_ppo_cl_a_SoccerAcademy.Environment.Lesson.mean": {
            "value": 4.0,
            "min": 0.0,
            "max": 4.0,
            "count": 100
        },
        "match_ppo_cl_a_SoccerAcademy.Environment.EpisodeLength.mean": {
            "value": 11.349981456298677,
            "min": 11.180224062347783,
            "max": 587.6742857142857,
            "count": 100
        },
        "match_ppo_cl_a_SoccerAcademy.Policy.ExtrinsicValueEstimate.mean": {
            "value": -0.32424360513687134,
            "min": -0.4221116304397583,
            "max": 0.5181958079338074,
            "count": 100
        },
        "match_ppo_cl_a_SoccerAcademy.Environment.CumulativeReward.mean": {
            "value": 0.9279503250446249,
            "min": -0.6484788842107669,
            "max": 0.9535456078554158,
            "count": 100
        },
        "match_ppo_cl_a_SoccerAcademy.Policy.ExtrinsicReward.mean": {
            "value": 0.9279503250446249,
            "min": -0.6484788842107669,
            "max": 0.9535456078554158,
            "count": 100
        },
        "match_ppo_cl_a_SoccerAcademy.Losses.ValueLoss.mean": {
            "value": 0.7622538208961487,
            "min": 0.00027213076828047633,
            "max": 0.7887516021728516,
            "count": 100
        },
        "match_ppo_cl_a_SoccerAcademy.Losses.PolicyLoss.mean": {
            "value": 1.7750556468963623,
            "min": 0.052263855934143066,
            "max": 1.8392926454544067,
            "count": 100
        },
        "match_ppo_cl_a_SoccerAcademy.Policy.LearningRate.mean": {
            "value": 0.0003000000142492354,
            "min": 0.0003000000142492354,
            "max": 0.0003000000724568963,
            "count": 100
        },
        "match_ppo_cl_a_SoccerAcademy.IsTraining.mean": {
            "value": 1.0,
            "min": 1.0,
            "max": 1.0,
            "count": 100
        }
    },
    "metadata": {
        "timer_format_version": "0.1.0",
        "start_time_seconds": "1592934022",
        "python_version": "3.7.3 (default, Apr 24 2020, 18:51:23) \n[Clang 11.0.3 (clang-1103.0.32.62)]",
        "command_line_arguments": "/Users/rsaenzi/Library/Python/3.7/bin/mlagents-learn TrainingConfigPPO.yaml --run-id match_ppo_cl_a --num-envs 1 --env builds/SoccerAcademyV5_20Fields_CL --curriculum TrainingCurricula.yaml --no-graphics --force --debug",
        "mlagents_version": "0.16.1",
        "mlagents_envs_version": "0.16.1",
        "communication_protocol_version": "1.0.0",
        "tensorflow_version": "2.2.0",
        "end_time_seconds": "1592947443"
    },
    "total": 13421.530094104,
    "count": 1,
    "self": 1.7509908280007949,
    "children": {
        "run_training.setup": {
            "total": 0.011742024000000129,
            "count": 1,
            "self": 0.011742024000000129
        },
        "TrainerController.start_learning": {
            "total": 13419.767361252,
            "count": 1,
            "self": 283.0943379052769,
            "children": {
                "TrainerController._reset_env": {
                    "total": 0.9326187549990097,
                    "count": 5,
                    "self": 0.9326187549990097
                },
                "TrainerController.advance": {
                    "total": 13130.372675813724,
                    "count": 679475,
                    "self": 14.249096810250194,
                    "children": {
                        "env_step": {
                            "total": 13116.123579003473,
                            "count": 679475,
                            "self": 12021.763725146397,
                            "children": {
                                "SubprocessEnvManager._take_step": {
                                    "total": 1083.4964881748626,
                                    "count": 679475,
                                    "self": 37.27691556147988,
                                    "children": {
                                        "NNPolicy.evaluate": {
                                            "total": 1046.2195726133828,
                                            "count": 500304,
                                            "self": 1046.2195726133828
                                        }
                                    }
                                },
                                "workers": {
                                    "total": 10.863365682213269,
                                    "count": 679475,
                                    "self": 0.0,
                                    "children": {
                                        "worker_root": {
                                            "total": 13392.187361707282,
                                            "count": 679475,
                                            "is_parallel": true,
                                            "self": 5621.101875494507,
                                            "children": {
                                                "run_training.setup": {
                                                    "total": 0.0,
                                                    "count": 0,
                                                    "is_parallel": true,
                                                    "self": 0.0,
                                                    "children": {
                                                        "steps_from_proto": {
                                                            "total": 0.0028058900000003106,
                                                            "count": 1,
                                                            "is_parallel": true,
                                                            "self": 0.0006181930000002112,
                                                            "children": {
                                                                "_process_vector_observation": {
                                                                    "total": 0.0021876970000000995,
                                                                    "count": 4,
                                                                    "is_parallel": true,
                                                                    "self": 0.0021876970000000995
                                                                }
                                                            }
                                                        },
                                                        "UnityEnvironment.step": {
                                                            "total": 0.024656885999999822,
                                                            "count": 1,
                                                            "is_parallel": true,
                                                            "self": 0.0005163959999983092,
                                                            "children": {
                                                                "UnityEnvironment._generate_step_input": {
                                                                    "total": 0.00033566800000084385,
                                                                    "count": 1,
                                                                    "is_parallel": true,
                                                                    "self": 0.00033566800000084385
                                                                },