{
    "name": "root",
    "metadata": {
        "timer_format_version": "0.1.0",
        "start_time_seconds": "1591798059",
        "python_version": "3.6.9 (default, Apr 18 2020, 01:56:04) \n[GCC 8.4.0]",
        "command_line_arguments": "/usr/local/bin/mlagents-learn /content/master-thesis/SoccerExperiments/TrainingConfig.yaml --env=/content/soccer-academy-build/SoccerAcademy.x86_64 --run-id=match_no_curriculum_1 --num-envs 50 --no-graphics --force --debug",
        "mlagents_version": "0.16.1",
        "mlagents_envs_version": "0.16.1",
        "communication_protocol_version": "1.0.0",
        "tensorflow_version": "2.2.0",
        "end_time_seconds": "1591798856"
    },
    "total": 797.0857302820001,
    "count": 1,
    "self": 17.27883208200012,
    "children": {
        "run_training.setup": {
            "total": 5.309624084000006,
            "count": 1,
            "self": 5.309624084000006
        },
        "TrainerController.start_learning": {
            "total": 774.497274116,
            "count": 1,
            "self": 18.024124229999416,
            "children": {
                "TrainerController._reset_env": {
                    "total": 29.090479382000012,
                    "count": 1,
                    "self": 29.090479382000012
                },
                "TrainerController.advance": {
                    "total": 724.3567872190006,
                    "count": 381,
                    "self": 0.03336605600134135,
                    "children": {
                        "env_step": {
                            "total": 724.3234211629992,
                            "count": 381,
                            "self": 246.16390980900576,
                            "children": {
                                "SubprocessEnvManager._take_step": {
                                    "total": 477.91812223699253,
                                    "count": 8620,
                                    "self": 4.8101784009832045,
                                    "children": {
                                        "NNPolicy.evaluate": {
                                            "total": 473.1079438360093,
                                            "count": 16966,
                                            "self": 473.1079438360093
                                        }
                                    }
                                },
                                "workers": {
                                    "total": 0.24138911700094923,
                                    "count": 380,
                                    "self": 0.0,
                                    "children": {
                                        "worker_root": {
                                            "total": 38517.65558660291,
                                            "count": 8610,
                                            "is_parallel": true,
                                            "self": 30531.843568835924,
                                            "children": {
                                                "run_training.setup": {
                                                    "total": 0.0,
                                                    "count": 0,
                                                    "is_parallel": true,
                                                    "self": 0.0,
                                                    "children": {
                                                        "steps_from_proto": {
                                                            "total": 15.633504573999517,
                                                            "count": 100,
                                                            "is_parallel": true,
                                                            "self": 0.7176819719998093,
                                                            "children": {
                                                                "_process_vector_observation": {
                                                                    "total": 14.915822601999707,
                                                                    "count": 400,
                                                                    "is_parallel": true,
                                                                    "self": 14.915822601999707
                                                                }
                                                            }
                                                        },
                                                        "UnityEnvironment.step": {
                                                            "total": 70.34477606199971,
                                                            "count": 50,
                                                            "is_parallel": true,
                                                            "self": 0.6932182829989415,
                                                            "children": {
                                                                "UnityEnvironment._generate_step_input": {
                                                                    "total": 0.13719676199991682,
                                                                    "count": 50,
                                                                    "is_parallel": true,
                                                                    "self": 0.13719676199991682
                                                                },
                                                                "communicator.exchange": {
                                                                    "total": 52.89719441400041,
                                                                    "count": 50,
                                                                    "is_parallel": true,
                                                                    "self": 52.89719441400041
                                                                },
                                                                "steps_from_proto": {
                                                                    "total": 16.61716660300044,
                                                                    "count": 100,
                                                                    "is_parallel": true,
                                                                    "self": 0.5028786700020191,
                                                                    "children": {
                                                                        "_process_vector_observation": {
                                                                            "total": 16.114287932998423,
                                                                            "count": 400,
                                                                            "is_parallel": true,
                                                                            "self": 16.114287932998423
                                                                        }
                                                                    }
                                                                }
                                                            }
                                                        }
                                                    }
                                                },
                                                "UnityEnvironment.step": {
                                                    "total": 7985.812017766984,
                                                    "count": 8560,
                                                    "is_parallel": true,
                                                    "self": 98.30600607695214,