{
    "name": "root",
    "gauges": {
        "match_sac_cl_SoccerAcademy.Policy.Entropy.mean": {
            "value": 0.6806682348251343,
            "min": 0.2426449954509735,
            "max": 3.1926515102386475,
            "count": 100
        },
        "match_sac_cl_SoccerAcademy.Environment.Lesson.mean": {
            "value": 4.0,
            "min": 0.0,
            "max": 4.0,
            "count": 100
        },
        "match_sac_cl_SoccerAcademy.Policy.ExtrinsicValueEstimate.mean": {
            "value": 0.05162341147661209,
            "min": -0.3714647889137268,
            "max": 0.291460245847702,
            "count": 100
        },
        "match_sac_cl_SoccerAcademy.Environment.EpisodeLength.mean": {
            "value": 24.407707910750506,
            "min": 15.85022846505331,
            "max": 599.0,
            "count": 100
        },
        "match_sac_cl_SoccerAcademy.Environment.CumulativeReward.mean": {
            "value": 0.1189603860222381,
            "min": -0.9260759475089165,
            "max": 0.573318722973348,
            "count": 100
        },
        "match_sac_cl_SoccerAcademy.Policy.ExtrinsicReward.mean": {
            "value": 0.1189603860222381,
            "min": -0.9260759475089165,
            "max": 0.573318722973348,
            "count": 100
        },
        "match_sac_cl_SoccerAcademy.Losses.ValueLoss.mean": {
            "value": 0.00432534608989954,
            "min": 1.3741912425757619e-06,
            "max": 0.007800885010510683,
            "count": 100
        },
        "match_sac_cl_SoccerAcademy.Losses.PolicyLoss.mean": {
            "value": -0.011552080512046814,
            "min": -0.2672460675239563,
            "max": 0.2535409927368164,
            "count": 100
        },
        "match_sac_cl_SoccerAcademy.Losses.Q1Loss.mean": {
            "value": 0.002159249735996127,
            "min": 2.7814721192953584e-07,
            "max": 0.003896013367921114,
            "count": 100
        },
        "match_sac_cl_SoccerAcademy.Losses.Q2Loss.mean": {
            "value": 0.0021592495031654835,
            "min": 3.6503260503195634e-07,
            "max": 0.0038960131350904703,
            "count": 100
        },
        "match_sac_cl_SoccerAcademy.Policy.EntropyCoeff.mean": {
            "value": 0.008915438316762447,
            "min": 1.2490987501223572e-05,
            "max": 0.02456805668771267,
            "count": 100
        },
        "match_sac_cl_SoccerAcademy.Policy.LearningRate.mean": {
            "value": 0.0010000001639127731,
            "min": 0.0010000000474974513,
            "max": 0.001000000280328095,
            "count": 100
        },
        "match_sac_cl_SoccerAcademy.IsTraining.mean": {
            "value": 1.0,
            "min": 1.0,
            "max": 1.0,
            "count": 100
        }
    },
    "metadata": {
        "timer_format_version": "0.1.0",
        "start_time_seconds": "1592889362",
        "python_version": "3.7.3 (default, Apr 24 2020, 18:51:23) \n[Clang 11.0.3 (clang-1103.0.32.62)]",
        "command_line_arguments": "/Users/rsaenz/Library/Python/3.7/bin/mlagents-learn TrainingConfigSAC.yaml --run-id match_sac_cl --num-envs 1 --env builds/SoccerAcademyV5_20Fields_CL --curriculum TrainingCurricula.yaml --no-graphics --force",
        "mlagents_version": "0.16.1",
        "mlagents_envs_version": "0.16.1",
        "communication_protocol_version": "1.0.0",
        "tensorflow_version": "2.2.0",
        "end_time_seconds": "1592960747"
    },
    "total": 71384.211006914,
    "count": 1,
    "self": 0.9659937770047691,
    "children": {
        "run_training.setup": {
            "total": 0.009907629999999834,
            "count": 1,
            "self": 0.009907629999999834
        },
        "TrainerController.start_learning": {
            "total": 71383.235105507,
            "count": 1,
            "self": 339.86888628746965,
            "children": {
                "TrainerController._reset_env": {
                    "total": 1.012029246999226,
                    "count": 5,
                    "self": 1.012029246999226
                },
                "TrainerController.advance": {
                    "total": 71014.72535016455,
                    "count": 598185,
                    "self": 17.893983961155755,
                    "children": {
                        "env_step": {
                            "total": 70996.83136620339,
                            "count": 598185,
                            "self": 69862.6587854365,
                            "children": {
                                "SubprocessEnvManager._take_step": {
                                    "total": 1120.7262273808933,
                                    "count": 598185,
                                    "self": 51.55033424846488,
                                    "children": {
                                        "NNPolicy.evaluate": {
                                            "total": 1069.1758931324284,
                                            "count": 500282,
                                            "self": 1069.1758931324284
                                        }
                                    }
                                },
                                "workers": {
                                    "total": 13.446353385988761,
                                    "count": 598185,
                                    "self": 0.0,
                                    "children": {
                                        "worker_root": {
                                            "total": 71353.03970223738,
                                            "count": 598185,
                                            "is_parallel": true,
                                            "self": 61455.76398319101,
                                            "children": {
                                                "run_training.setup": {
                                                    "total": 0.0,
                                                    "count": 0,
                                                    "is_parallel": true,
                                                    "self": 0.0,
                                                    "children": {
                                                        "steps_from_proto": {
                                                            "total": 0.0027669939999999116,
                                                            "count": 1,
                                                            "is_parallel": true,
                                                            "self": 0.0005581780000003533,
                                                            "children": {
                                                                "_process_vector_observation": {
                                                                    "total": 0.0022088159999995582,
                                                                    "count": 4,
                                                                    "is_parallel": true,
                                                                    "self": 0.0022088159999995582
                                                                }
                                                            }
                                                        },
                                                        "UnityEnvironment.step": {
                                                            "total": 0.021913446000000114,
                                                            "count": 1,
                                                            "is_parallel": true,
                                                            "self": 0.0003593879999987948,