{
    "name": "root",
    "gauges": {
        "match_sac_cl_ab_SoccerAcademy.Policy.Entropy.mean": {
            "value": 0.6784330010414124,
            "min": 0.490823358297348,
            "max": 3.1046407222747803,
            "count": 100
        },
        "match_sac_cl_ab_SoccerAcademy.Environment.Lesson.mean": {
            "value": 6.0,
            "min": 0.0,
            "max": 6.0,
            "count": 100
        },
        "match_sac_cl_ab_SoccerAcademy.Policy.ExtrinsicValueEstimate.mean": {
            "value": -1.8825898170471191,
            "min": -5.892200946807861,
            "max": 1.0382969379425049,
            "count": 100
        },
        "match_sac_cl_ab_SoccerAcademy.Environment.EpisodeLength.mean": {
            "value": 10.342520131564024,
            "min": 9.839283776451438,
            "max": 550.463687150838,
            "count": 100
        },
        "match_sac_cl_ab_SoccerAcademy.Environment.CumulativeReward.mean": {
            "value": -0.9994449863403008,
            "min": -1.0,
            "max": 3.1167447936120256,
            "count": 100
        },
        "match_sac_cl_ab_SoccerAcademy.Policy.ExtrinsicReward.mean": {
            "value": -0.9994449863403008,
            "min": -1.0,
            "max": 3.1167447936120256,
            "count": 100
        },
        "match_sac_cl_ab_SoccerAcademy.Losses.ValueLoss.mean": {
            "value": 0.004848517943173647,
            "min": 0.0001874930749181658,
            "max": 0.07735545188188553,
            "count": 100
        },
        "match_sac_cl_ab_SoccerAcademy.Losses.PolicyLoss.mean": {
            "value": 0.3683759570121765,
            "min": -0.39848047494888306,
            "max": 1.0882292985916138,
            "count": 100
        },
        "match_sac_cl_ab_SoccerAcademy.Losses.Q1Loss.mean": {
            "value": 0.002075880765914917,
            "min": 7.287894550245255e-05,
            "max": 0.035403911024332047,
            "count": 100
        },
        "match_sac_cl_ab_SoccerAcademy.Losses.Q2Loss.mean": {
            "value": 0.0020751969423145056,
            "min": 5.75481572013814e-05,
            "max": 0.035311583429574966,
            "count": 100
        },
        "match_sac_cl_ab_SoccerAcademy.Policy.EntropyCoeff.mean": {
            "value": 0.04918423667550087,
            "min": 0.0005021555698476732,
            "max": 0.2650545537471771,
            "count": 100
        },
        "match_sac_cl_ab_SoccerAcademy.Policy.LearningRate.mean": {
            "value": 0.0010000000474974513,
            "min": 0.0010000000474974513,
            "max": 0.0010000001639127731,
            "count": 100
        },
        "match_sac_cl_ab_SoccerAcademy.IsTraining.mean": {
            "value": 1.0,
            "min": 1.0,
            "max": 1.0,
            "count": 100
        }
    },
    "metadata": {
        "timer_format_version": "0.1.0",
        "start_time_seconds": "1593047444",
        "python_version": "3.7.3 (default, Apr 24 2020, 18:51:23) \n[Clang 11.0.3 (clang-1103.0.32.62)]",
        "command_line_arguments": "/Users/rsaenz/Library/Python/3.7/bin/mlagents-learn TrainingConfigSAC.yaml --run-id match_sac_cl_ab --num-envs 1 --env builds/SoccerAcademyV7_10Fields_CL_AB --curriculum TrainingCurriculaAB.yaml --no-graphics --force",
        "mlagents_version": "0.16.1",
        "mlagents_envs_version": "0.16.1",
        "communication_protocol_version": "1.0.0",
        "tensorflow_version": "2.2.0",
        "end_time_seconds": "1593118796"
    },
    "total": 71351.831555121,
    "count": 1,
    "self": 1.0569958190026227,
    "children": {
        "run_training.setup": {
            "total": 0.027231355999999707,
            "count": 1,
            "self": 0.027231355999999707
        },
        "TrainerController.start_learning": {
            "total": 71350.747327946,
            "count": 1,
            "self": 643.7354438034963,
            "children": {
                "TrainerController._reset_env": {
                    "total": 1.105585587005974,
                    "count": 7,
                    "self": 1.105585587005974
                },
                "TrainerController.advance": {
                    "total": 70641.50748791649,
                    "count": 1231034,
                    "self": 34.72010449033405,
                    "children": {
                        "env_step": {
                            "total": 70606.78738342616,
                            "count": 1231034,
                            "self": 68592.09271613759,
                            "children": {
                                "SubprocessEnvManager._take_step": {
                                    "total": 1988.676049110819,
                                    "count": 1231034,
                                    "self": 83.40102218587663,
                                    "children": {
                                        "NNPolicy.evaluate": {
                                            "total": 1905.2750269249423,
                                            "count": 1000274,
                                            "self": 1905.2750269249423
                                        }
                                    }
                                },
                                "workers": {
                                    "total": 26.018618177756224,
                                    "count": 1231034,
                                    "self": 0.0,
                                    "children": {
                                        "worker_root": {
                                            "total": 71292.11349788908,
                                            "count": 1231034,
                                            "is_parallel": true,
                                            "self": 58069.96212063776,
                                            "children": {
                                                "run_training.setup": {
                                                    "total": 0.0,
                                                    "count": 0,
                                                    "is_parallel": true,
                                                    "self": 0.0,
                                                    "children": {
                                                        "steps_from_proto": {
                                                            "total": 0.0064759229999999945,
                                                            "count": 1,
                                                            "is_parallel": true,
                                                            "self": 0.0014843210000012874,
                                                            "children": {
                                                                "_process_vector_observation": {
                                                                    "total": 0.004991601999998707,
                                                                    "count": 4,
                                                                    "is_parallel": true,
                                                                    "self": 0.004991601999998707
                                                                }
                                                            }
                                                        },
                                                        "UnityEnvironment.step": {
                                                            "total": 0.01683294700000104,
                                                            "count": 1,
                                                            "is_parallel": true,
                                                            "self": 0.00022150100000217776,