{
    "name": "root",
    "gauges": {
        "PPO_CurriculaD_SoccerAcademy.Policy.Entropy.mean": {
            "value": 2.238884210586548,
            "min": 1.7817274332046509,
            "max": 3.2958195209503174,
            "count": 10000
        },
        "PPO_CurriculaD_SoccerAcademy.Environment.Lesson.mean": {
            "value": 4.0,
            "min": 0.0,
            "max": 4.0,
            "count": 10000
        },
        "PPO_CurriculaD_SoccerAcademy.Environment.EpisodeLength.mean": {
            "value": 49.84,
            "min": 11.0,
            "max": 3999.0,
            "count": 9878
        },
        "PPO_CurriculaD_SoccerAcademy.Policy.ExtrinsicValueEstimate.mean": {
            "value": 0.05028173699975014,
            "min": -0.32124900817871094,
            "max": 0.38399291038513184,
            "count": 10000
        },
        "PPO_CurriculaD_SoccerAcademy.Environment.CumulativeReward.mean": {
            "value": 0.06812109855505136,
            "min": -1.0,
            "max": 0.9636496901512146,
            "count": 9891
        },
        "PPO_CurriculaD_SoccerAcademy.Policy.ExtrinsicReward.mean": {
            "value": 0.06812109855505136,
            "min": -1.0,
            "max": 0.9636496901512146,
            "count": 9891
        },
        "PPO_CurriculaD_SoccerAcademy.IsTraining.mean": {
            "value": 1.0,
            "min": 1.0,
            "max": 1.0,
            "count": 10000
        },
        "PPO_CurriculaD_SoccerAcademy.Losses.ValueLoss.mean": {
            "value": 0.014587901532649994,
            "min": 1.711623917799443e-05,
            "max": 0.04063962772488594,
            "count": 195
        },
        "PPO_CurriculaD_SoccerAcademy.Losses.PolicyLoss.mean": {
            "value": 0.01127084344625473,
            "min": 0.009185869246721268,
            "max": 0.013780803419649601,
            "count": 195
        },
        "PPO_CurriculaD_SoccerAcademy.Policy.LearningRate.mean": {
            "value": 2.3547271155166527e-07,
            "min": 2.3547271155166527e-07,
            "max": 0.00029846266261301935,
            "count": 195
        }
    },
    "metadata": {
        "timer_format_version": "0.1.0",
        "start_time_seconds": "1594796698",
        "python_version": "3.7.3 (default, Dec 20 2019, 18:57:59) \n[GCC 8.3.0]",
        "command_line_arguments": "/usr/local/bin/mlagents-learn master-thesis/SoccerExperiments/TrainingConfigPPO.yaml --curriculum master-thesis/SoccerExperiments/TrainingCurriculaD.yaml --env=master-thesis/SoccerExperiments/builds/linux_exe1/Linux_v12_9fields_Exe1.x86_64 --run-id=PPO_CurriculaD --num-envs 1 --no-graphics --force",
        "mlagents_version": "0.16.1",
        "mlagents_envs_version": "0.16.1",
        "communication_protocol_version": "1.0.0",
        "tensorflow_version": "2.2.0",
        "end_time_seconds": "1595239133"
    },
    "total": 442435.249167691,
    "count": 1,
    "self": 0.4352299809688702,
    "children": {
        "run_training.setup": {
            "total": 0.019060783999975683,
            "count": 1,
            "self": 0.019060783999975683
        },
        "TrainerController.start_learning": {
            "total": 442434.794876926,
            "count": 1,
            "self": 6457.617910597357,
            "children": {
                "TrainerController._reset_env": {
                    "total": 1.847679317028451,
                    "count": 5,
                    "self": 1.847679317028451
                },
                "TrainerController.advance": {
                    "total": 435926.8604004026,
                    "count": 11430066,
                    "self": 256.71561407868285,
                    "children": {
                        "env_step": {
                            "total": 435670.14478632394,
                            "count": 11430066,
                            "self": 410785.80425229867,
                            "children": {
                                "SubprocessEnvManager._take_step": {
                                    "total": 24675.374497801495,
                                    "count": 11430066,
                                    "self": 526.2967832251998,
                                    "children": {
                                        "NNPolicy.evaluate": {
                                            "total": 24149.077714576295,
                                            "count": 11113015,
                                            "self": 24149.077714576295
                                        }
                                    }
                                },
                                "workers": {
                                    "total": 208.96603622376563,
                                    "count": 11430066,
                                    "self": 0.0,
                                    "children": {
                                        "worker_root": {
                                            "total": 441849.55172041146,
                                            "count": 11430066,
                                            "is_parallel": true,
                                            "self": 74880.69714001549,
                                            "children": {
                                                "run_training.setup": {
                                                    "total": 0.0,
                                                    "count": 0,
                                                    "is_parallel": true,
                                                    "self": 0.0,
                                                    "children": {
                                                        "steps_from_proto": {
                                                            "total": 0.0034523269999908734,
                                                            "count": 1,
                                                            "is_parallel": true,
                                                            "self": 0.002073590999998487,
                                                            "children": {
                                                                "_process_vector_observation": {
                                                                    "total": 0.0013787359999923865,
                                                                    "count": 4,
                                                                    "is_parallel": true,
                                                                    "self": 0.0013787359999923865
                                                                }
                                                            }
                                                        },
                                                        "UnityEnvironment.step": {
                                                            "total": 0.04949822499997936,
                                                            "count": 1,
                                                            "is_parallel": true,
                                                            "self": 0.00026665799998681905,
                                                            "children": {
                                                                "UnityEnvironment._generate_step_input": {
                                                                    "total": 0.00029893700002503465,
                                                                    "count": 1,
                                                                    "is_parallel": true,
                                                                    "self": 0.00029893700002503465
                                                                },