{
    "name": "root",
    "gauges": {
        "PPO_CurriculaA_NEW_SoccerAcademy.Policy.Entropy.mean": {
            "value": 0.7813071012496948,
            "min": 0.7442806959152222,
            "max": 3.2958083152770996,
            "count": 10000
        },
        "PPO_CurriculaA_NEW_SoccerAcademy.Environment.Lesson.mean": {
            "value": 9.0,
            "min": 0.0,
            "max": 9.0,
            "count": 10000
        },
        "PPO_CurriculaA_NEW_SoccerAcademy.Environment.EpisodeLength.mean": {
            "value": 48.74752475247525,
            "min": 19.090543259557343,
            "max": 3999.0,
            "count": 9950
        },
        "PPO_CurriculaA_NEW_SoccerAcademy.Policy.ExtrinsicValueEstimate.mean": {
            "value": 0.24379941821098328,
            "min": -0.09910868853330612,
            "max": 0.8972541093826294,
            "count": 10000
        },
        "PPO_CurriculaA_NEW_SoccerAcademy.Environment.CumulativeReward.mean": {
            "value": 0.21989304417430763,
            "min": -1.0,
            "max": 0.9949781730381296,
            "count": 9966
        },
        "PPO_CurriculaA_NEW_SoccerAcademy.Policy.ExtrinsicReward.mean": {
            "value": 0.21989304417430763,
            "min": -1.0,
            "max": 0.9949781730381296,
            "count": 9966
        },
        "PPO_CurriculaA_NEW_SoccerAcademy.IsTraining.mean": {
            "value": 1.0,
            "min": 1.0,
            "max": 1.0,
            "count": 10000
        },
        "PPO_CurriculaA_NEW_SoccerAcademy.Losses.ValueLoss.mean": {
            "value": 0.1100972592830658,
            "min": 7.852698763599619e-05,
            "max": 0.11260554194450378,
            "count": 195
        },
        "PPO_CurriculaA_NEW_SoccerAcademy.Losses.PolicyLoss.mean": {
            "value": 0.011578771285712719,
            "min": 0.01008011493831873,
            "max": 0.020908832550048828,
            "count": 195
        },
        "PPO_CurriculaA_NEW_SoccerAcademy.Policy.LearningRate.mean": {
            "value": 4.2523001297922747e-07,
            "min": 4.2523001297922747e-07,
            "max": 0.0002984636230394244,
            "count": 195
        }
    },
    "metadata": {
        "timer_format_version": "0.1.0",
        "start_time_seconds": "1595315885",
        "python_version": "3.7.3 (default, Dec 20 2019, 18:57:59) \n[GCC 8.3.0]",
        "command_line_arguments": "/usr/local/bin/mlagents-learn master-thesis/SoccerExperiments/TrainingConfigPPO.yaml --curriculum master-thesis/SoccerExperiments/TrainingCurriculaA.yaml --env=master-thesis/SoccerExperiments/builds/linux_exe1/Linux_v12_9fields_Exe1.x86_64 --run-id=PPO_CurriculaA_NEW --num-envs 1 --no-graphics --force",
        "mlagents_version": "0.16.1",
        "mlagents_envs_version": "0.16.1",
        "communication_protocol_version": "1.0.0",
        "tensorflow_version": "2.2.0",
        "end_time_seconds": "1595821052"
    },
    "total": 505166.509372255,
    "count": 1,
    "self": 0.48991955001838505,
    "children": {
        "run_training.setup": {
            "total": 0.02054308200001742,
            "count": 1,
            "self": 0.02054308200001742
        },
        "TrainerController.start_learning": {
            "total": 505165.998909623,
            "count": 1,
            "self": 7999.771267465781,
            "children": {
                "TrainerController._reset_env": {
                    "total": 2.1131141629762737,
                    "count": 10,
                    "self": 2.1131141629762737
                },
                "TrainerController.advance": {
                    "total": 497107.8965655581,
                    "count": 13127099,
                    "self": 321.9439319114317,
                    "children": {
                        "env_step": {
                            "total": 496785.95263364667,
                            "count": 13127099,
                            "self": 471772.7025876358,
                            "children": {
                                "SubprocessEnvManager._take_step": {
                                    "total": 24770.605083338745,
                                    "count": 13127099,
                                    "self": 591.5451420275749,
                                    "children": {
                                        "NNPolicy.evaluate": {
                                            "total": 24179.05994131117,
                                            "count": 11111403,
                                            "self": 24179.05994131117
                                        }
                                    }
                                },
                                "workers": {
                                    "total": 242.64496267213497,
                                    "count": 13127099,
                                    "self": 0.0,
                                    "children": {
                                        "worker_root": {
                                            "total": 504469.695950431,
                                            "count": 13127099,
                                            "is_parallel": true,
                                            "self": 83537.66124738043,
                                            "children": {
                                                "run_training.setup": {
                                                    "total": 0.0,
                                                    "count": 0,
                                                    "is_parallel": true,
                                                    "self": 0.0,
                                                    "children": {
                                                        "steps_from_proto": {
                                                            "total": 0.0034534270000108336,
                                                            "count": 1,
                                                            "is_parallel": true,
                                                            "self": 0.002029255000024932,
                                                            "children": {
                                                                "_process_vector_observation": {
                                                                    "total": 0.0014241719999859015,
                                                                    "count": 4,
                                                                    "is_parallel": true,
                                                                    "self": 0.0014241719999859015
                                                                }
                                                            }
                                                        },
                                                        "UnityEnvironment.step": {
                                                            "total": 0.04476134200001525,
                                                            "count": 1,
                                                            "is_parallel": true,
                                                            "self": 0.0002782020000609009,
                                                            "children": {
                                                                "UnityEnvironment._generate_step_input": {
                                                                    "total": 0.000310597999998663,
                                                                    "count": 1,
                                                                    "is_parallel": true,
                                                                    "self": 0.000310597999998663
                                                                },