{
    "name": "root",
    "gauges": {
        "PPO_CurriculaP_SoccerAcademy.Policy.Entropy.mean": {
            "value": 0.8254712820053101,
            "min": 0.7865581512451172,
            "max": 3.2957868576049805,
            "count": 10000
        },
        "PPO_CurriculaP_SoccerAcademy.Environment.Lesson.mean": {
            "value": 4.0,
            "min": 0.0,
            "max": 4.0,
            "count": 10000
        },
        "PPO_CurriculaP_SoccerAcademy.Environment.EpisodeLength.mean": {
            "value": 58.23529411764706,
            "min": 41.31603773584906,
            "max": 2999.0,
            "count": 9987
        },
        "PPO_CurriculaP_SoccerAcademy.Policy.ExtrinsicValueEstimate.mean": {
            "value": 0.35608991980552673,
            "min": -0.028475452214479446,
            "max": 0.6734086275100708,
            "count": 10000
        },
        "PPO_CurriculaP_SoccerAcademy.Environment.CumulativeReward.mean": {
            "value": 0.49051958813386803,
            "min": -0.8888888888888888,
            "max": 0.9721637770533562,
            "count": 10000
        },
        "PPO_CurriculaP_SoccerAcademy.Policy.ExtrinsicReward.mean": {
            "value": 0.49051958813386803,
            "min": -0.8888888888888888,
            "max": 0.9721637770533562,
            "count": 10000
        },
        "PPO_CurriculaP_SoccerAcademy.IsTraining.mean": {
            "value": 1.0,
            "min": 1.0,
            "max": 1.0,
            "count": 10000
        },
        "PPO_CurriculaP_SoccerAcademy.Losses.ValueLoss.mean": {
            "value": 0.09279152005910873,
            "min": 0.00016979385691229254,
            "max": 0.10803306847810745,
            "count": 195
        },
        "PPO_CurriculaP_SoccerAcademy.Losses.PolicyLoss.mean": {
            "value": 0.011679316870868206,
            "min": 0.009874423034489155,
            "max": 0.01361793838441372,
            "count": 195
        },
        "PPO_CurriculaP_SoccerAcademy.Policy.LearningRate.mean": {
            "value": 4.246399214480334e-07,
            "min": 4.246399214480334e-07,
            "max": 0.0002984627790283412,
            "count": 195
        }
    },
    "metadata": {
        "timer_format_version": "0.1.0",
        "start_time_seconds": "1596139385",
        "python_version": "3.7.3 (default, Dec 20 2019, 18:57:59) \n[GCC 8.3.0]",
        "command_line_arguments": "/usr/local/bin/mlagents-learn master-thesis/SoccerExperiments/algorithms/AlgorithmPPO.yaml --run-id=PPO_CurriculaP --curriculum master-thesis/SoccerExperiments/curriculums/CurriculaP.yaml --env=master-thesis/SoccerExperiments/builds/Linux_v14_4fields.x86_64 --num-envs 1 --no-graphics --force",
        "mlagents_version": "0.16.1",
        "mlagents_envs_version": "0.16.1",
        "communication_protocol_version": "1.0.0",
        "tensorflow_version": "2.2.0",
        "end_time_seconds": "1596811804"
    },
    "total": 672419.174530793,
    "count": 1,
    "self": 1.7137693079421297,
    "children": {
        "run_training.setup": {
            "total": 0.022515277999900718,
            "count": 1,
            "self": 0.022515277999900718
        },
        "TrainerController.start_learning": {
            "total": 672417.4382462071,
            "count": 1,
            "self": 13023.697004057583,
            "children": {
                "TrainerController._reset_env": {
                    "total": 2.5455059639891715,
                    "count": 5,
                    "self": 2.5455059639891715
                },
                "TrainerController.advance": {
                    "total": 659269.5215572597,
                    "count": 26194539,
                    "self": 635.3864072482102,
                    "children": {
                        "env_step": {
                            "total": 658634.1351500115,
                            "count": 26194539,
                            "self": 609613.4682435882,
                            "children": {
                                "SubprocessEnvManager._take_step": {
                                    "total": 48553.689295943725,
                                    "count": 26194539,
                                    "self": 1035.4096516209975,
                                    "children": {
                                        "NNPolicy.evaluate": {
                                            "total": 47518.27964432273,
                                            "count": 25000654,
                                            "self": 47518.27964432273
                                        }
                                    }
                                },
                                "workers": {
                                    "total": 466.9776104795037,
                                    "count": 26194539,
                                    "self": 0.0,
                                    "children": {
                                        "worker_root": {
                                            "total": 671136.2117149084,
                                            "count": 26194539,
                                            "is_parallel": true,
                                            "self": 123795.02294725028,
                                            "children": {
                                                "run_training.setup": {
                                                    "total": 0.0,
                                                    "count": 0,
                                                    "is_parallel": true,
                                                    "self": 0.0,
                                                    "children": {
                                                        "steps_from_proto": {
                                                            "total": 0.0031642420001389837,
                                                            "count": 1,
                                                            "is_parallel": true,
                                                            "self": 0.0022096659997714596,
                                                            "children": {
                                                                "_process_vector_observation": {
                                                                    "total": 0.0009545760003675241,
                                                                    "count": 4,
                                                                    "is_parallel": true,
                                                                    "self": 0.0009545760003675241
                                                                }
                                                            }
                                                        },
                                                        "UnityEnvironment.step": {
                                                            "total": 0.03445976199986944,
                                                            "count": 1,
                                                            "is_parallel": true,
                                                            "self": 0.000190718999647288,
                                                            "children": {
                                                                "UnityEnvironment._generate_step_input": {
                                                                    "total": 0.0001717800000733405,
                                                                    "count": 1,
                                                                    "is_parallel": true,
                                                                    "self": 0.0001717800000733405
                                                                },