{
    "name": "root",
    "gauges": {
        "PPO_CurriculaK_SoccerAcademy.Policy.Entropy.mean": {
            "value": 0.7661352753639221,
            "min": 0.7384123206138611,
            "max": 3.2957966327667236,
            "count": 10000
        },
        "PPO_CurriculaK_SoccerAcademy.Environment.Lesson.mean": {
            "value": 9.0,
            "min": 0.0,
            "max": 9.0,
            "count": 10000
        },
        "PPO_CurriculaK_SoccerAcademy.Policy.ExtrinsicValueEstimate.mean": {
            "value": 0.3570534884929657,
            "min": -0.08894797414541245,
            "max": 0.8720291256904602,
            "count": 10000
        },
        "PPO_CurriculaK_SoccerAcademy.Environment.EpisodeLength.mean": {
            "value": 50.33163265306123,
            "min": 21.474157303370788,
            "max": 2999.0,
            "count": 9992
        },
        "PPO_CurriculaK_SoccerAcademy.Environment.CumulativeReward.mean": {
            "value": 0.4365513507200747,
            "min": -0.5,
            "max": 0.9922564287518346,
            "count": 10000
        },
        "PPO_CurriculaK_SoccerAcademy.Policy.ExtrinsicReward.mean": {
            "value": 0.4365513507200747,
            "min": -0.5,
            "max": 0.9922564287518346,
            "count": 10000
        },
        "PPO_CurriculaK_SoccerAcademy.IsTraining.mean": {
            "value": 1.0,
            "min": 1.0,
            "max": 1.0,
            "count": 10000
        },
        "PPO_CurriculaK_SoccerAcademy.Losses.ValueLoss.mean": {
            "value": 0.09363622218370438,
            "min": 0.0004629880713764578,
            "max": 0.10997910797595978,
            "count": 195
        },
        "PPO_CurriculaK_SoccerAcademy.Losses.PolicyLoss.mean": {
            "value": 0.010933115147054195,
            "min": 0.009606960229575634,
            "max": 0.014623112976551056,
            "count": 195
        },
        "PPO_CurriculaK_SoccerAcademy.Policy.LearningRate.mean": {
            "value": 4.298255475987389e-07,
            "min": 4.298255475987389e-07,
            "max": 0.00029846272082068026,
            "count": 195
        }
    },
    "metadata": {
        "timer_format_version": "0.1.0",
        "start_time_seconds": "1596139366",
        "python_version": "3.7.3 (default, Dec 20 2019, 18:57:59) \n[GCC 8.3.0]",
        "command_line_arguments": "/usr/local/bin/mlagents-learn master-thesis/SoccerExperiments/algorithms/AlgorithmPPO.yaml --run-id=PPO_CurriculaK --curriculum master-thesis/SoccerExperiments/curriculums/CurriculaK.yaml --env=master-thesis/SoccerExperiments/builds/Linux_v14_4fields.x86_64 --num-envs 1 --no-graphics --force",
        "mlagents_version": "0.16.1",
        "mlagents_envs_version": "0.16.1",
        "communication_protocol_version": "1.0.0",
        "tensorflow_version": "2.2.0",
        "end_time_seconds": "1596850953"
    },
    "total": 711587.981753045,
    "count": 1,
    "self": 1.2479107161052525,
    "children": {
        "run_training.setup": {
            "total": 0.02077433900012693,
            "count": 1,
            "self": 0.02077433900012693
        },
        "TrainerController.start_learning": {
            "total": 711586.7130679899,
            "count": 1,
            "self": 16754.642073197407,
            "children": {
                "TrainerController._reset_env": {
                    "total": 2.0718096099531067,
                    "count": 10,
                    "self": 2.0718096099531067
                },
                "TrainerController.advance": {
                    "total": 694695.1932479871,
                    "count": 26648241,
                    "self": 738.0320252187084,
                    "children": {
                        "env_step": {
                            "total": 693957.1612227684,
                            "count": 26648241,
                            "self": 633530.728493888,
                            "children": {
                                "SubprocessEnvManager._take_step": {
                                    "total": 59835.4620290268,
                                    "count": 26648241,
                                    "self": 1338.7522479442196,
                                    "children": {
                                        "NNPolicy.evaluate": {
                                            "total": 58496.70978108258,
                                            "count": 25000458,
                                            "self": 58496.70978108258
                                        }
                                    }
                                },
                                "workers": {
                                    "total": 590.9706998535548,
                                    "count": 26648241,
                                    "self": 0.0,
                                    "children": {
                                        "worker_root": {
                                            "total": 709916.9752800778,
                                            "count": 26648241,
                                            "is_parallel": true,
                                            "self": 149468.23510581593,
                                            "children": {
                                                "run_training.setup": {
                                                    "total": 0.0,
                                                    "count": 0,
                                                    "is_parallel": true,
                                                    "self": 0.0,
                                                    "children": {
                                                        "steps_from_proto": {
                                                            "total": 0.004388379000147324,
                                                            "count": 1,
                                                            "is_parallel": true,
                                                            "self": 0.0035436039997875923,
                                                            "children": {
                                                                "_process_vector_observation": {
                                                                    "total": 0.0008447750003597321,
                                                                    "count": 4,
                                                                    "is_parallel": true,
                                                                    "self": 0.0008447750003597321
                                                                }
                                                            }
                                                        },
                                                        "UnityEnvironment.step": {
                                                            "total": 0.03304998400017212,
                                                            "count": 1,
                                                            "is_parallel": true,
                                                            "self": 0.00024776100008239155,
                                                            "children": {
                                                                "UnityEnvironment._generate_step_input": {
                                                                    "total": 0.00020661799999288633,
                                                                    "count": 1,
                                                                    "is_parallel": true,
                                                                    "self": 0.00020661799999288633
                                                                },