{
    "name": "root",
    "gauges": {
        "PPO_CurriculaZ_SoccerAcademy.Policy.Entropy.mean": {
            "value": 1.4241633415222168,
            "min": 1.266873836517334,
            "max": 3.29581880569458,
            "count": 10000
        },
        "PPO_CurriculaZ_SoccerAcademy.Environment.Lesson.mean": {
            "value": 4.0,
            "min": 0.0,
            "max": 4.0,
            "count": 10000
        },
        "PPO_CurriculaZ_SoccerAcademy.Policy.ExtrinsicValueEstimate.mean": {
            "value": -0.10612542927265167,
            "min": -0.332657128572464,
            "max": 3.1268951892852783,
            "count": 10000
        },
        "PPO_CurriculaZ_SoccerAcademy.Environment.EpisodeLength.mean": {
            "value": 925.5555555555555,
            "min": 24.5,
            "max": 2999.0,
            "count": 9986
        },
        "PPO_CurriculaZ_SoccerAcademy.Environment.CumulativeReward.mean": {
            "value": -0.5629852347903781,
            "min": -1.0,
            "max": 57.447398111224174,
            "count": 10000
        },
        "PPO_CurriculaZ_SoccerAcademy.Policy.ExtrinsicReward.mean": {
            "value": -0.5629852347903781,
            "min": -1.0,
            "max": 57.447398111224174,
            "count": 10000
        },
        "PPO_CurriculaZ_SoccerAcademy.IsTraining.mean": {
            "value": 1.0,
            "min": 1.0,
            "max": 1.0,
            "count": 10000
        },
        "PPO_CurriculaZ_SoccerAcademy.Losses.ValueLoss.mean": {
            "value": 0.006788467522710562,
            "min": 0.003712577046826482,
            "max": 0.5408172607421875,
            "count": 195
        },
        "PPO_CurriculaZ_SoccerAcademy.Losses.PolicyLoss.mean": {
            "value": 0.010872199200093746,
            "min": 0.010060139931738377,
            "max": 0.013799561187624931,
            "count": 195
        },
        "PPO_CurriculaZ_SoccerAcademy.Policy.LearningRate.mean": {
            "value": 2.6576381628728996e-07,
            "min": 2.6576381628728996e-07,
            "max": 0.00029846272082068026,
            "count": 195
        }
    },
    "metadata": {
        "timer_format_version": "0.1.0",
        "start_time_seconds": "1597005373",
        "python_version": "3.7.3 (default, Jul 25 2020, 13:03:44) \n[GCC 8.3.0]",
        "command_line_arguments": "/usr/local/bin/mlagents-learn master-thesis/SoccerExperiments/algorithms/AlgorithmPPO.yaml --run-id=PPO_CurriculaZ --curriculum master-thesis/SoccerExperiments/curriculums/CurriculaZ.yaml --env=master-thesis/SoccerExperiments/builds/Linux_v14_4fields.x86_64 --num-envs 1 --no-graphics --force",
        "mlagents_version": "0.16.1",
        "mlagents_envs_version": "0.16.1",
        "communication_protocol_version": "1.0.0",
        "tensorflow_version": "2.2.0",
        "end_time_seconds": "1597608761"
    },
    "total": 603387.354154277,
    "count": 1,
    "self": 1.1889875039923936,
    "children": {
        "run_training.setup": {
            "total": 0.01729867300002752,
            "count": 1,
            "self": 0.01729867300002752
        },
        "TrainerController.start_learning": {
            "total": 603386.1478681,
            "count": 1,
            "self": 11784.50638722768,
            "children": {
                "TrainerController._reset_env": {
                    "total": 1.8770922870766071,
                    "count": 5,
                    "self": 1.8770922870766071
                },
                "TrainerController.advance": {
                    "total": 591490.7647035941,
                    "count": 25212727,
                    "self": 479.9954529046081,
                    "children": {
                        "env_step": {
                            "total": 591010.7692506895,
                            "count": 25212727,
                            "self": 543962.9085723822,
                            "children": {
                                "SubprocessEnvManager._take_step": {
                                    "total": 46644.81751711814,
                                    "count": 25212727,
                                    "self": 967.5650893980273,
                                    "children": {
                                        "NNPolicy.evaluate": {
                                            "total": 45677.252427720116,
                                            "count": 25001579,
                                            "self": 45677.252427720116
                                        }
                                    }
                                },
                                "workers": {
                                    "total": 403.043161189182,
                                    "count": 25212727,
                                    "self": 0.0,
                                    "children": {
                                        "worker_root": {
                                            "total": 602269.8461945521,
                                            "count": 25212727,
                                            "is_parallel": true,
                                            "self": 109922.25276689616,
                                            "children": {
                                                "run_training.setup": {
                                                    "total": 0.0,
                                                    "count": 0,
                                                    "is_parallel": true,
                                                    "self": 0.0,
                                                    "children": {
                                                        "steps_from_proto": {
                                                            "total": 0.003503538000018125,
                                                            "count": 1,
                                                            "is_parallel": true,
                                                            "self": 0.001919620000080613,
                                                            "children": {
                                                                "_process_vector_observation": {
                                                                    "total": 0.001583917999937512,
                                                                    "count": 4,
                                                                    "is_parallel": true,
                                                                    "self": 0.001583917999937512
                                                                }
                                                            }
                                                        },
                                                        "UnityEnvironment.step": {
                                                            "total": 0.03583673299999646,
                                                            "count": 1,
                                                            "is_parallel": true,
                                                            "self": 0.00017952900009277073,
                                                            "children": {
                                                                "UnityEnvironment._generate_step_input": {
                                                                    "total": 0.0002061149999690315,
                                                                    "count": 1,
                                                                    "is_parallel": true,
                                                                    "self": 0.0002061149999690315
                                                                },