{
    "name": "root",
    "gauges": {
        "PPO_CurriculaM_SoccerAcademy.Policy.Entropy.mean": {
            "value": 0.7382929921150208,
            "min": 0.7095308899879456,
            "max": 3.295807361602783,
            "count": 10000
        },
        "PPO_CurriculaM_SoccerAcademy.Environment.Lesson.mean": {
            "value": 5.0,
            "min": 0.0,
            "max": 5.0,
            "count": 10000
        },
        "PPO_CurriculaM_SoccerAcademy.Environment.EpisodeLength.mean": {
            "value": 52.57446808510638,
            "min": 22.961630695443645,
            "max": 2999.0,
            "count": 9992
        },
        "PPO_CurriculaM_SoccerAcademy.Policy.ExtrinsicValueEstimate.mean": {
            "value": 0.3352096974849701,
            "min": 0.027164017781615257,
            "max": 0.8682823777198792,
            "count": 10000
        },
        "PPO_CurriculaM_SoccerAcademy.Environment.CumulativeReward.mean": {
            "value": 0.3920074314513105,
            "min": -0.5,
            "max": 0.9918466114181761,
            "count": 10000
        },
        "PPO_CurriculaM_SoccerAcademy.Policy.ExtrinsicReward.mean": {
            "value": 0.3920074314513105,
            "min": -0.5,
            "max": 0.9918466114181761,
            "count": 10000
        },
        "PPO_CurriculaM_SoccerAcademy.IsTraining.mean": {
            "value": 1.0,
            "min": 1.0,
            "max": 1.0,
            "count": 10000
        },
        "PPO_CurriculaM_SoccerAcademy.Losses.ValueLoss.mean": {
            "value": 0.0968247503042221,
            "min": 0.00023478572256863117,
            "max": 0.11869893223047256,
            "count": 195
        },
        "PPO_CurriculaM_SoccerAcademy.Losses.PolicyLoss.mean": {
            "value": 0.011325066909193993,
            "min": 0.009823452681303024,
            "max": 0.012493130750954151,
            "count": 195
        },
        "PPO_CurriculaM_SoccerAcademy.Policy.LearningRate.mean": {
            "value": 4.345283457496407e-07,
            "min": 4.345283457496407e-07,
            "max": 0.0002984620805364102,
            "count": 195
        }
    },
    "metadata": {
        "timer_format_version": "0.1.0",
        "start_time_seconds": "1596139378",
        "python_version": "3.7.3 (default, Dec 20 2019, 18:57:59) \n[GCC 8.3.0]",
        "command_line_arguments": "/usr/local/bin/mlagents-learn master-thesis/SoccerExperiments/algorithms/AlgorithmPPO.yaml --run-id=PPO_CurriculaM --curriculum master-thesis/SoccerExperiments/curriculums/CurriculaM.yaml --env=master-thesis/SoccerExperiments/builds/Linux_v14_4fields.x86_64 --num-envs 1 --no-graphics --force",
        "mlagents_version": "0.16.1",
        "mlagents_envs_version": "0.16.1",
        "communication_protocol_version": "1.0.0",
        "tensorflow_version": "2.2.0",
        "end_time_seconds": "1596937685"
    },
    "total": 798307.0127852539,
    "count": 1,
    "self": 1.5221973789157346,
    "children": {
        "run_training.setup": {
            "total": 0.021879264999824954,
            "count": 1,
            "self": 0.021879264999824954
        },
        "TrainerController.start_learning": {
            "total": 798305.46870861,
            "count": 1,
            "self": 18468.836957531865,
            "children": {
                "TrainerController._reset_env": {
                    "total": 3.2519125629914925,
                    "count": 6,
                    "self": 3.2519125629914925
                },
                "TrainerController.advance": {
                    "total": 779686.2917162455,
                    "count": 26571904,
                    "self": 813.5930035853526,
                    "children": {
                        "env_step": {
                            "total": 778872.6987126601,
                            "count": 26571904,
                            "self": 710336.025858471,
                            "children": {
                                "SubprocessEnvManager._take_step": {
                                    "total": 67926.66305875967,
                                    "count": 26571904,
                                    "self": 1497.9234404288,
                                    "children": {
                                        "NNPolicy.evaluate": {
                                            "total": 66428.73961833087,
                                            "count": 25000149,
                                            "self": 66428.73961833087
                                        }
                                    }
                                },
                                "workers": {
                                    "total": 610.0097954294183,
                                    "count": 26571904,
                                    "self": 0.0,
                                    "children": {
                                        "worker_root": {
                                            "total": 796557.6774833786,
                                            "count": 26571904,
                                            "is_parallel": true,
                                            "self": 168282.29803864018,
                                            "children": {
                                                "run_training.setup": {
                                                    "total": 0.0,
                                                    "count": 0,
                                                    "is_parallel": true,
                                                    "self": 0.0,
                                                    "children": {
                                                        "steps_from_proto": {
                                                            "total": 0.003595725999957722,
                                                            "count": 1,
                                                            "is_parallel": true,
                                                            "self": 0.002451187000133359,
                                                            "children": {
                                                                "_process_vector_observation": {
                                                                    "total": 0.0011445389998243627,
                                                                    "count": 4,
                                                                    "is_parallel": true,
                                                                    "self": 0.0011445389998243627
                                                                }
                                                            }
                                                        },
                                                        "UnityEnvironment.step": {
                                                            "total": 0.03419207199999619,
                                                            "count": 1,
                                                            "is_parallel": true,
                                                            "self": 0.00027376299999559706,
                                                            "children": {
                                                                "UnityEnvironment._generate_step_input": {
                                                                    "total": 0.00019417599992266332,
                                                                    "count": 1,
                                                                    "is_parallel": true,
                                                                    "self": 0.00019417599992266332
                                                                },