{
    "name": "root",
    "gauges": {
        "PPO_CurriculaB_SoccerAcademy.Policy.Entropy.mean": {
            "value": 0.7769184708595276,
            "min": 0.7542509436607361,
            "max": 3.2957916259765625,
            "count": 10000
        },
        "PPO_CurriculaB_SoccerAcademy.Environment.Lesson.mean": {
            "value": 3.0,
            "min": 0.0,
            "max": 3.0,
            "count": 10000
        },
        "PPO_CurriculaB_SoccerAcademy.Environment.EpisodeLength.mean": {
            "value": 56.797687861271676,
            "min": 36.864150943396226,
            "max": 140.89247311827958,
            "count": 10000
        },
        "PPO_CurriculaB_SoccerAcademy.Policy.ExtrinsicValueEstimate.mean": {
            "value": 0.4303554594516754,
            "min": -0.4832003712654114,
            "max": 0.9144045114517212,
            "count": 10000
        },
        "PPO_CurriculaB_SoccerAcademy.Environment.CumulativeReward.mean": {
            "value": 0.6869782733090352,
            "min": -0.7680108401010621,
            "max": 2.7640408162887278,
            "count": 10000
        },
        "PPO_CurriculaB_SoccerAcademy.Policy.ExtrinsicReward.mean": {
            "value": 0.6869782733090352,
            "min": -0.7680108401010621,
            "max": 2.7640408162887278,
            "count": 10000
        },
        "PPO_CurriculaB_SoccerAcademy.IsTraining.mean": {
            "value": 1.0,
            "min": 1.0,
            "max": 1.0,
            "count": 10000
        },
        "PPO_CurriculaB_SoccerAcademy.Losses.ValueLoss.mean": {
            "value": 0.07378141582012177,
            "min": 0.06513021141290665,
            "max": 0.3035316467285156,
            "count": 195
        },
        "PPO_CurriculaB_SoccerAcademy.Losses.PolicyLoss.mean": {
            "value": 0.010743707418441772,
            "min": 0.009957202710211277,
            "max": 0.012726443819701672,
            "count": 195
        },
        "PPO_CurriculaB_SoccerAcademy.Policy.LearningRate.mean": {
            "value": 4.4092990947319777e-07,
            "min": 4.4092990947319777e-07,
            "max": 0.00029846103279851377,
            "count": 195
        }
    },
    "metadata": {
        "timer_format_version": "0.1.0",
        "start_time_seconds": "1593581351",
        "python_version": "3.7.3 (default, Apr 24 2020, 18:51:23) \n[Clang 11.0.3 (clang-1103.0.32.62)]",
        "command_line_arguments": "/Users/rsaenzi/Library/Python/3.7/bin/mlagents-learn TrainingConfigPPO.yaml --run-id PPO_CurriculaB --num-envs 1 --env builds/mac_exe1/macOS_V12_9Fields_Exe1 --curriculum TrainingCurriculaB.yaml --no-graphics --force",
        "mlagents_version": "0.16.1",
        "mlagents_envs_version": "0.16.1",
        "communication_protocol_version": "1.0.0",
        "tensorflow_version": "2.2.0",
        "end_time_seconds": "1593729359"
    },
    "total": 148012.96385333798,
    "count": 1,
    "self": 0.8852919779892545,
    "children": {
        "run_training.setup": {
            "total": 0.024538274999999832,
            "count": 1,
            "self": 0.024538274999999832
        },
        "TrainerController.start_learning": {
            "total": 148012.054023085,
            "count": 1,
            "self": 3885.2880154369923,
            "children": {
                "TrainerController._reset_env": {
                    "total": 0.9417213359983476,
                    "count": 4,
                    "self": 0.9417213359983476
                },
                "TrainerController.advance": {
                    "total": 144064.23373792804,
                    "count": 12196550,
                    "self": 205.55612310083234,
                    "children": {
                        "env_step": {
                            "total": 143858.6776148272,
                            "count": 12196550,
                            "self": 128837.11438271476,
                            "children": {
                                "SubprocessEnvManager._take_step": {
                                    "total": 14848.341707752148,
                                    "count": 12196550,
                                    "self": 410.04162562131023,
                                    "children": {
                                        "NNPolicy.evaluate": {
                                            "total": 14438.300082130838,
                                            "count": 11111312,
                                            "self": 14438.300082130838
                                        }
                                    }
                                },
                                "workers": {
                                    "total": 173.2215243602978,
                                    "count": 12196550,
                                    "self": 0.0,
                                    "children": {
                                        "worker_root": {
                                            "total": 147580.57342578383,
                                            "count": 12196550,
                                            "is_parallel": true,
                                            "self": 57591.03305340916,
                                            "children": {
                                                "run_training.setup": {
                                                    "total": 0.0,
                                                    "count": 0,
                                                    "is_parallel": true,
                                                    "self": 0.0,
                                                    "children": {
                                                        "steps_from_proto": {
                                                            "total": 0.00212059199999981,
                                                            "count": 1,
                                                            "is_parallel": true,
                                                            "self": 0.0006258830000005489,
                                                            "children": {
                                                                "_process_vector_observation": {
                                                                    "total": 0.0014947089999992613,
                                                                    "count": 4,
                                                                    "is_parallel": true,
                                                                    "self": 0.0014947089999992613
                                                                }
                                                            }
                                                        },
                                                        "UnityEnvironment.step": {
                                                            "total": 0.01966839900000039,
                                                            "count": 1,
                                                            "is_parallel": true,
                                                            "self": 0.00027245900000139045,
                                                            "children": {
                                                                "UnityEnvironment._generate_step_input": {
                                                                    "total": 0.00019175300000018325,
                                                                    "count": 1,
                                                                    "is_parallel": true,
                                                                    "self": 0.00019175300000018325
                                                                },