{
    "name": "root",
    "gauges": {
        "PPO_CurriculaC_SoccerAcademy.Policy.Entropy.mean": {
            "value": 0.778562605381012,
            "min": 0.7370744943618774,
            "max": 3.295792579650879,
            "count": 10000
        },
        "PPO_CurriculaC_SoccerAcademy.Environment.Lesson.mean": {
            "value": 5.0,
            "min": 0.0,
            "max": 5.0,
            "count": 10000
        },
        "PPO_CurriculaC_SoccerAcademy.Environment.EpisodeLength.mean": {
            "value": 57.3121387283237,
            "min": 20.16949152542373,
            "max": 3999.0,
            "count": 9954
        },
        "PPO_CurriculaC_SoccerAcademy.Policy.ExtrinsicValueEstimate.mean": {
            "value": 0.3279399573802948,
            "min": -0.016298772767186165,
            "max": 0.8854231834411621,
            "count": 10000
        },
        "PPO_CurriculaC_SoccerAcademy.Environment.CumulativeReward.mean": {
            "value": 0.41152568359595504,
            "min": -1.0,
            "max": 0.9946323688312243,
            "count": 9957
        },
        "PPO_CurriculaC_SoccerAcademy.Policy.ExtrinsicReward.mean": {
            "value": 0.41152568359595504,
            "min": -1.0,
            "max": 0.9946323688312243,
            "count": 9957
        },
        "PPO_CurriculaC_SoccerAcademy.IsTraining.mean": {
            "value": 1.0,
            "min": 1.0,
            "max": 1.0,
            "count": 10000
        },
        "PPO_CurriculaC_SoccerAcademy.Losses.ValueLoss.mean": {
            "value": 0.09681736677885056,
            "min": 0.00026875740149989724,
            "max": 0.11766563355922699,
            "count": 195
        },
        "PPO_CurriculaC_SoccerAcademy.Losses.PolicyLoss.mean": {
            "value": 0.011429006233811378,
            "min": 0.009678242728114128,
            "max": 0.012673718854784966,
            "count": 195
        },
        "PPO_CurriculaC_SoccerAcademy.Policy.LearningRate.mean": {
            "value": 4.219755567191896e-07,
            "min": 4.219755567191896e-07,
            "max": 0.00029846225515939295,
            "count": 195
        }
    },
    "metadata": {
        "timer_format_version": "0.1.0",
        "start_time_seconds": "1594796689",
        "python_version": "3.7.3 (default, Dec 20 2019, 18:57:59) \n[GCC 8.3.0]",
        "command_line_arguments": "/usr/local/bin/mlagents-learn master-thesis/SoccerExperiments/TrainingConfigPPO.yaml --curriculum master-thesis/SoccerExperiments/TrainingCurriculaC.yaml --env=master-thesis/SoccerExperiments/builds/linux_exe1/Linux_v12_9fields_Exe1.x86_64 --run-id=PPO_CurriculaC --num-envs 1 --no-graphics --force",
        "mlagents_version": "0.16.1",
        "mlagents_envs_version": "0.16.1",
        "communication_protocol_version": "1.0.0",
        "tensorflow_version": "2.2.0",
        "end_time_seconds": "1595273016"
    },
    "total": 476326.321332833,
    "count": 1,
    "self": 0.3808053439715877,
    "children": {
        "run_training.setup": {
            "total": 0.017741225999998278,
            "count": 1,
            "self": 0.017741225999998278
        },
        "TrainerController.start_learning": {
            "total": 476325.922786263,
            "count": 1,
            "self": 6653.7051136735245,
            "children": {
                "TrainerController._reset_env": {
                    "total": 1.0970163199982608,
                    "count": 6,
                    "self": 1.0970163199982608
                },
                "TrainerController.advance": {
                    "total": 469617.7504556877,
                    "count": 12734537,
                    "self": 281.7892014794634,
                    "children": {
                        "env_step": {
                            "total": 469335.96125420823,
                            "count": 12734537,
                            "self": 446375.41684649955,
                            "children": {
                                "SubprocessEnvManager._take_step": {
                                    "total": 22735.21026240771,
                                    "count": 12734537,
                                    "self": 526.9914763922061,
                                    "children": {
                                        "NNPolicy.evaluate": {
                                            "total": 22208.218786015503,
                                            "count": 11111244,
                                            "self": 22208.218786015503
                                        }
                                    }
                                },
                                "workers": {
                                    "total": 225.33414530094797,
                                    "count": 12734537,
                                    "self": 0.0,
                                    "children": {
                                        "worker_root": {
                                            "total": 475686.1195876273,
                                            "count": 12734537,
                                            "is_parallel": true,
                                            "self": 77221.07293480128,
                                            "children": {
                                                "run_training.setup": {
                                                    "total": 0.0,
                                                    "count": 0,
                                                    "is_parallel": true,
                                                    "self": 0.0,
                                                    "children": {
                                                        "steps_from_proto": {
                                                            "total": 0.0031711919999679594,
                                                            "count": 1,
                                                            "is_parallel": true,
                                                            "self": 0.0018618579998701534,
                                                            "children": {
                                                                "_process_vector_observation": {
                                                                    "total": 0.001309334000097806,
                                                                    "count": 4,
                                                                    "is_parallel": true,
                                                                    "self": 0.001309334000097806
                                                                }
                                                            }
                                                        },
                                                        "UnityEnvironment.step": {
                                                            "total": 0.04933149299995421,
                                                            "count": 1,
                                                            "is_parallel": true,
                                                            "self": 0.0003473059999805628,
                                                            "children": {
                                                                "UnityEnvironment._generate_step_input": {
                                                                    "total": 0.0002599730000838463,
                                                                    "count": 1,
                                                                    "is_parallel": true,
                                                                    "self": 0.0002599730000838463
                                                                },