{
    "name": "root",
    "gauges": {
        "PPO_only_NEW_SoccerAcademy.Policy.Entropy.mean": {
            "value": 1.0992032289505005,
            "min": 0.9481551647186279,
            "max": 3.295823335647583,
            "count": 10000
        },
        "PPO_only_NEW_SoccerAcademy.Environment.EpisodeLength.mean": {
            "value": 68.796875,
            "min": 36.57142857142857,
            "max": 3075.0,
            "count": 10000
        },
        "PPO_only_NEW_SoccerAcademy.Policy.ExtrinsicValueEstimate.mean": {
            "value": 0.22140488028526306,
            "min": -0.6215739846229553,
            "max": 0.29784274101257324,
            "count": 10000
        },
        "PPO_only_NEW_SoccerAcademy.Environment.CumulativeReward.mean": {
            "value": 0.41008899081498384,
            "min": -1.0,
            "max": 0.9764247834682465,
            "count": 10000
        },
        "PPO_only_NEW_SoccerAcademy.Policy.ExtrinsicReward.mean": {
            "value": 0.41008899081498384,
            "min": -1.0,
            "max": 0.9764247834682465,
            "count": 10000
        },
        "PPO_only_NEW_SoccerAcademy.IsTraining.mean": {
            "value": 1.0,
            "min": 1.0,
            "max": 1.0,
            "count": 10000
        },
        "PPO_only_NEW_SoccerAcademy.Losses.ValueLoss.mean": {
            "value": 0.08135652542114258,
            "min": 0.02628248557448387,
            "max": 0.1045353040099144,
            "count": 195
        },
        "PPO_only_NEW_SoccerAcademy.Losses.PolicyLoss.mean": {
            "value": 0.010647122748196125,
            "min": 0.010044322349131107,
            "max": 0.012555824592709541,
            "count": 195
        },
        "PPO_only_NEW_SoccerAcademy.Policy.LearningRate.mean": {
            "value": 3.4165239526373625e-07,
            "min": 3.4165239526373625e-07,
            "max": 0.0002984636230394244,
            "count": 195
        }
    },
    "metadata": {
        "timer_format_version": "0.1.0",
        "start_time_seconds": "1595315218",
        "python_version": "3.7.3 (default, Dec 20 2019, 18:57:59) \n[GCC 8.3.0]",
        "command_line_arguments": "/usr/local/bin/mlagents-learn master-thesis/SoccerExperiments/TrainingConfigPPO.yaml --env=master-thesis/SoccerExperiments/builds/linux_exe1/Linux_v12_9fields_Exe1.x86_64 --run-id=PPO_only_NEW --num-envs 1 --no-graphics --force",
        "mlagents_version": "0.16.1",
        "mlagents_envs_version": "0.16.1",
        "communication_protocol_version": "1.0.0",
        "tensorflow_version": "2.2.0",
        "end_time_seconds": "1595796382"
    },
    "total": 481164.050385425,
    "count": 1,
    "self": 0.4345641439431347,
    "children": {
        "run_training.setup": {
            "total": 0.020080224000025737,
            "count": 1,
            "self": 0.020080224000025737
        },
        "TrainerController.start_learning": {
            "total": 481163.595741057,
            "count": 1,
            "self": 7340.401063453464,
            "children": {
                "TrainerController._reset_env": {
                    "total": 1.0722935730000245,
                    "count": 1,
                    "self": 1.0722935730000245
                },
                "TrainerController.advance": {
                    "total": 473764.9758071804,
                    "count": 11819524,
                    "self": 205.59781195683172,
                    "children": {
                        "env_step": {
                            "total": 473559.37799522356,
                            "count": 11819524,
                            "self": 446617.3198056495,
                            "children": {
                                "SubprocessEnvManager._take_step": {
                                    "total": 26700.504892955512,
                                    "count": 11819524,
                                    "self": 634.5117411927458,
                                    "children": {
                                        "NNPolicy.evaluate": {
                                            "total": 26065.993151762767,
                                            "count": 11111297,
                                            "self": 26065.993151762767
                                        }
                                    }
                                },
                                "workers": {
                                    "total": 241.5532966185355,
                                    "count": 11819524,
                                    "self": 0.0,
                                    "children": {
                                        "worker_root": {
                                            "total": 480449.0374742697,
                                            "count": 11819524,
                                            "is_parallel": true,
                                            "self": 85015.21730438102,
                                            "children": {
                                                "run_training.setup": {
                                                    "total": 0.0,
                                                    "count": 0,
                                                    "is_parallel": true,
                                                    "self": 0.0,
                                                    "children": {
                                                        "steps_from_proto": {
                                                            "total": 0.004355177999968873,
                                                            "count": 1,
                                                            "is_parallel": true,
                                                            "self": 0.002124730999980784,
                                                            "children": {
                                                                "_process_vector_observation": {
                                                                    "total": 0.0022304469999880894,
                                                                    "count": 4,
                                                                    "is_parallel": true,
                                                                    "self": 0.0022304469999880894
                                                                }
                                                            }
                                                        },
                                                        "UnityEnvironment.step": {
                                                            "total": 0.04566910700003746,
                                                            "count": 1,
                                                            "is_parallel": true,
                                                            "self": 0.0003521969999837893,
                                                            "children": {
                                                                "UnityEnvironment._generate_step_input": {
                                                                    "total": 0.0002289740000378515,
                                                                    "count": 1,
                                                                    "is_parallel": true,
                                                                    "self": 0.0002289740000378515
                                                                },
                                                                "communicator.exchange": {
                                                                    "total": 0.04344321600001422,
                                                                    "count": 1,
                                                                    "is_parallel": true,