{
    "name": "root",
    "gauges": {
        "SAC_CurriculumsAB_SoccerAcademy.Policy.Entropy.mean": {
            "value": 0.7411289215087891,
            "min": 1.9940433048759587e-05,
            "max": 3.295729637145996,
            "count": 10000
        },
        "SAC_CurriculumsAB_SoccerAcademy.Environment.Lesson.mean": {
            "value": 9.0,
            "min": 0.0,
            "max": 9.0,
            "count": 10000
        },
        "SAC_CurriculumsAB_SoccerAcademy.Policy.ExtrinsicValueEstimate.mean": {
            "value": -0.5638559460639954,
            "min": -0.6076977252960205,
            "max": 10.224798202514648,
            "count": 10000
        },
        "SAC_CurriculumsAB_SoccerAcademy.Environment.EpisodeLength.mean": {
            "value": 47.040201005025125,
            "min": 23.5,
            "max": 3999.0,
            "count": 9955
        },
        "SAC_CurriculumsAB_SoccerAcademy.Environment.CumulativeReward.mean": {
            "value": -0.8004595002532006,
            "min": -1.0,
            "max": 410.6999969482422,
            "count": 9965
        },
        "SAC_CurriculumsAB_SoccerAcademy.Policy.ExtrinsicReward.mean": {
            "value": -0.8004595002532006,
            "min": -1.0,
            "max": 410.6999969482422,
            "count": 9965
        },
        "SAC_CurriculumsAB_SoccerAcademy.IsTraining.mean": {
            "value": 1.0,
            "min": 1.0,
            "max": 1.0,
            "count": 10000
        },
        "SAC_CurriculumsAB_SoccerAcademy.Losses.ValueLoss.mean": {
            "value": 0.007594440132379532,
            "min": 0.0004968441789969802,
            "max": 0.06982208788394928,
            "count": 9997
        },
        "SAC_CurriculumsAB_SoccerAcademy.Losses.PolicyLoss.mean": {
            "value": 0.5638125538825989,
            "min": -7.802418231964111,
            "max": 0.6071431636810303,
            "count": 9997
        },
        "SAC_CurriculumsAB_SoccerAcademy.Losses.Q1Loss.mean": {
            "value": 0.0037974293809384108,
            "min": 0.0002480628900229931,
            "max": 0.013457147404551506,
            "count": 9997
        },
        "SAC_CurriculumsAB_SoccerAcademy.Losses.Q2Loss.mean": {
            "value": 0.00379699794575572,
            "min": 0.00023972649069037288,
            "max": 0.04222315922379494,
            "count": 9997
        },
        "SAC_CurriculumsAB_SoccerAcademy.Policy.EntropyCoeff.mean": {
            "value": 0.0008048131712712348,
            "min": 1.494303887739079e-05,
            "max": 0.48553466796875,
            "count": 9997
        },
        "SAC_CurriculumsAB_SoccerAcademy.Policy.LearningRate.mean": {
            "value": 0.00029999998514540493,
            "min": 0.000299999926937744,
            "max": 0.0003000000142492354,
            "count": 9997
        }
    },
    "metadata": {
        "timer_format_version": "0.1.0",
        "start_time_seconds": "1594094109",
        "python_version": "3.7.3 (default, Dec 20 2019, 18:57:59) \n[GCC 8.3.0]",
        "command_line_arguments": "/usr/local/bin/mlagents-learn master-thesis/SoccerExperiments/TrainingConfigSAC.yaml --curriculum master-thesis/SoccerExperiments/TrainingCurriculaAB.yaml --env=master-thesis/SoccerExperiments/builds/linux_exe1/Linux_v12_9fields_Exe1.x86_64 --run-id=SAC_CurriculumsAB --num-envs 1 --no-graphics --force",
        "mlagents_version": "0.16.1",
        "mlagents_envs_version": "0.16.1",
        "communication_protocol_version": "1.0.0",
        "tensorflow_version": "2.2.0",
        "end_time_seconds": "1595656121"
    },
    "total": 1562012.629027664,
    "count": 1,
    "self": 1.0969004139769822,
    "children": {
        "run_training.setup": {
            "total": 0.018536253000092984,
            "count": 1,
            "self": 0.018536253000092984
        },
        "TrainerController.start_learning": {
            "total": 1562011.513590997,
            "count": 1,
            "self": 14571.91724455147,
            "children": {
                "TrainerController._reset_env": {
                    "total": 1.6996434518896422,
                    "count": 10,
                    "self": 1.6996434518896422
                },
                "TrainerController.advance": {
                    "total": 1547369.223105414,
                    "count": 11771944,
                    "self": 349.88992806570604,
                    "children": {
                        "env_step": {
                            "total": 1547019.3331773484,
                            "count": 11771944,
                            "self": 1513698.4572840047,
                            "children": {
                                "SubprocessEnvManager._take_step": {
                                    "total": 33085.03961496601,
                                    "count": 11771944,
                                    "self": 714.1177482711792,
                                    "children": {
                                        "NNPolicy.evaluate": {
                                            "total": 32370.92186669483,
                                            "count": 11112308,
                                            "self": 32370.92186669483
                                        }
                                    }
                                },
                                "workers": {
                                    "total": 235.83627837767744,
                                    "count": 11771944,
                                    "self": 0.0,
                                    "children": {
                                        "worker_root": {
                                            "total": 1561352.4796553052,
                                            "count": 11771944,
                                            "is_parallel": true,
                                            "self": 1262318.5694618463,
                                            "children": {
                                                "run_training.setup": {
                                                    "total": 0.0,
                                                    "count": 0,
                                                    "is_parallel": true,
                                                    "self": 0.0,
                                                    "children": {
                                                        "steps_from_proto": {
                                                            "total": 0.004224511999836977,
                                                            "count": 1,
                                                            "is_parallel": true,
                                                            "self": 0.002600064000034763,
                                                            "children": {
                                                                "_process_vector_observation": {
                                                                    "total": 0.0016244479998022143,
                                                                    "count": 4,
                                                                    "is_parallel": true,
                                                                    "self": 0.0016244479998022143
                                                                }
                                                            }
                                                        },
                                                        "UnityEnvironment.step": {
                                                            "total": 0.036719103999985236,
                                                            "count": 1,
                                                            "is_parallel": true,
                                                            "self": 0.0003587329997571942,