{"count":1,"self":2249.7619968,"total":19295.089400999997,"children":{"AgentSendState":{"count":2500534,"self":98.394835199999989,"total":1225.854642,"children":{"CollectObservations":{"count":20004360,"self":8.0955696,"total":8.09557,"children":null},"CollectDiscreteActionMasks":{"count":20004360,"self":10.651415199999999,"total":10.651415,"children":null},"AgentInfo.ToProto":{"count":10002180,"self":18.122128,"total":1108.712824,"children":{"GenerateSensorData":{"count":10002180,"self":228.82078719999998,"total":1090.590696,"children":{"RayPerceptionSensor.Perceive":{"count":20004360,"self":861.7699328,"total":861.769916,"children":null}}}}}}},"DecideAction":{"count":2500534,"self":14764.0041472,"total":15542.578813,"children":{"RayPerceptionSensor.Perceive":{"count":20004360,"self":778.57454079999991,"total":778.574541,"children":null}}},"AgentAct":{"count":2500534,"self":145.4266752,"total":145.64030499999998,"children":{"AgentInfo.ToProto":{"count":845,"self":0.004307,"total":0.21362399999999998,"children":{"GenerateSensorData":{"count":845,"self":0.026803,"total":0.209317,"children":{"RayPerceptionSensor.Perceive":{"count":1690,"self":0.18251399999999998,"total":0.18251399999999998,"children":null}}}}}}},"AgentInfo.ToProto":{"count":590630,"self":3.143942,"total":131.251128,"children":{"GenerateSensorData":{"count":590630,"self":18.8220544,"total":128.10718599999998,"children":{"RayPerceptionSensor.Perceive":{"count":1181260,"self":109.2851328,"total":109.28513199999999,"children":null}}}}}},"gauges":{"SoccerTwos.CumulativeReward":{"count":591475,"max":1.98833334,"min":-2,"runningAverage":-0.6129608,"value":-1,"weightedAverage":-0.8523016},"SoccerAcademy.CumulativeReward":{"count":591475,"max":2.40000033,"min":-2,"runningAverage":0.596330464,"value":0.9766667,"weightedAverage":0.8123516}},"metadata":{"timer_format_version":"0.1.0","start_time_seconds":"1592969393","unity_version":"2019.4.1f1","command_line_arguments":"\/Users\/rsaenzi\/Documents\/Projects\/master-thesis\/SoccerExperiments\/builds\/SoccerAcademyV6_20Fields_CL_B.app\/Contents\/MacOS\/Soccer Academy -nographics -batchmode --mlagents-port 5005","communication_protocol_version":"1.0.0","com.unity.ml-agents_version":"1.0.2-preview","scene_name":"SoccerAcademy","end_time_seconds":"1592988688"}}